ts,hostname,machine,python_version,mode,camera_count,total_tasks,workers,task_interval_sec,run_duration_sec,submitted,completed,dropped,errors,completion_ratio,callback_count,callback_fps,latency_p50_ms,latency_p95_ms,latency_p99_ms,frame_age_p50_ms,frame_age_p95_ms,frame_age_p99_ms,read_frames,read_fps,rss_gb,cpu_seconds,source_feeds,model_task_map
2026-09-25T15:47:01Z,Pavankumars-MacBook-Air.local,macOS-27.0-arm64-arm-64bit-Mach-O,3.14.7,ingest,3,0,2,0.2,5.0,,,,,,,,,,,,,,594,118.43012297180205,0.8361358642578125,5.788938896,"[""data/videos/cam4_industry_ppe.mp4"", ""data/videos/cam5_pharma_ppe.mp4"", ""data/videos/cam6_lab_ppe.mp4""]",
2026-09-25T15:47:07Z,Pavankumars-MacBook-Air.local,macOS-27.0-arm64-arm-64bit-Mach-O,3.14.7,ingest,6,0,2,0.2,5.0,,,,,,,,,,,,,,1110,220.91072236463222,1.5429229736328125,11.543510912000002,"[""data/videos/cam4_industry_ppe.mp4"", ""data/videos/cam5_pharma_ppe.mp4"", ""data/videos/cam6_lab_ppe.mp4"", ""data/videos/cam4_industry_ppe.mp4"", ""data/videos/cam5_pharma_ppe.mp4"", ""data/videos/cam6_lab_ppe.mp4""]",
2026-09-25T15:47:14Z,Pavankumars-MacBook-Air.local,macOS-27.0-arm64-arm-64bit-Mach-O,3.14.7,ingest,12,0,2,0.2,5.0,,,,,,,,,,,,,,1908,380.28400188456163,2.89190673828125,25.355735296,"[""data/videos/cam4_industry_ppe.mp4"", ""data/videos/cam5_pharma_ppe.mp4"", ""data/videos/cam6_lab_ppe.mp4"", ""data/videos/cam4_industry_ppe.mp4"", ""data/videos/cam5_pharma_ppe.mp4"", ""data/videos/cam6_lab_ppe.mp4"", ""data/videos/cam4_industry_ppe.mp4"", ""data/videos/cam5_pharma_ppe.mp4"", ""data/videos/cam6_lab_ppe.mp4"", ""data/videos/cam4_industry_ppe.mp4"", ""data/videos/cam5_pharma_ppe.mp4"", ""data/videos/cam6_lab_ppe.mp4""]",
2026-09-25T15:47:21Z,Pavankumars-MacBook-Air.local,macOS-27.0-arm64-arm-64bit-Mach-O,3.14.7,ingest,25,0,2,0.2,5.0,,,,,,,,,,,,,,742,144.89571758739768,5.4688262939453125,47.27771417600001,"[""data/videos/cam4_industry_ppe.mp4"", ""data/videos/cam5_pharma_ppe.mp4"", ""data/videos/cam6_lab_ppe.mp4"", ""data/videos/cam4_industry_ppe.mp4"", ""data/videos/cam5_pharma_ppe.mp4"", ""data/videos/cam6_lab_ppe.mp4"", ""data/videos/cam4_industry_ppe.mp4"", ""data/videos/cam5_pharma_ppe.mp4"", ""data/videos/cam6_lab_ppe.mp4"", ""data/videos/cam4_industry_ppe.mp4"", ""data/videos/cam5_pharma_ppe.mp4"", ""data/videos/cam6_lab_ppe.mp4"", ""data/videos/cam4_industry_ppe.mp4"", ""data/videos/cam5_pharma_ppe.mp4"", ""data/videos/cam6_lab_ppe.mp4"", ""data/videos/cam4_industry_ppe.mp4"", ""data/videos/cam5_pharma_ppe.mp4"", ""data/videos/cam6_lab_ppe.mp4"", ""data/videos/cam4_industry_ppe.mp4"", ""data/videos/cam5_pharma_ppe.mp4"", ""data/videos/cam6_lab_ppe.mp4"", ""data/videos/cam4_industry_ppe.mp4"", ""data/videos/cam5_pharma_ppe.mp4"", ""data/videos/cam6_lab_ppe.mp4"", ""data/videos/cam4_industry_ppe.mp4""]",
2026-09-25T15:47:43Z,Pavankumars-MacBook-Air.local,macOS-27.0-arm64-arm-64bit-Mach-O,3.14.7,ingest,50,0,2,0.2,5.0,,,,,,,,,,,,,,524,94.75836165684916,5.5235137939453125,50.800426496000014,"[""data/videos/cam4_industry_ppe.mp4"", ""data/videos/cam5_pharma_ppe.mp4"", ""data/videos/cam6_lab_ppe.mp4"", ""data/videos/cam4_industry_ppe.mp4"", ""data/videos/cam5_pharma_ppe.mp4"", ""data/videos/cam6_lab_ppe.mp4"", ""data/videos/cam4_industry_ppe.mp4"", ""data/videos/cam5_pharma_ppe.mp4"", ""data/videos/cam6_lab_ppe.mp4"", ""data/videos/cam4_industry_ppe.mp4"", ""data/videos/cam5_pharma_ppe.mp4"", ""data/videos/cam6_lab_ppe.mp4"", ""data/videos/cam4_industry_ppe.mp4"", ""data/videos/cam5_pharma_ppe.mp4"", ""data/videos/cam6_lab_ppe.mp4"", ""data/videos/cam4_industry_ppe.mp4"", ""data/videos/cam5_pharma_ppe.mp4"", ""data/videos/cam6_lab_ppe.mp4"", ""data/videos/cam4_industry_ppe.mp4"", ""data/videos/cam5_pharma_ppe.mp4"", ""data/videos/cam6_lab_ppe.mp4"", ""data/videos/cam4_industry_ppe.mp4"", ""data/videos/cam5_pharma_ppe.mp4"", ""data/videos/cam6_lab_ppe.mp4"", ""data/videos/cam4_industry_ppe.mp4"", ""data/videos/cam5_pharma_ppe.mp4"", ""data/videos/cam6_lab_ppe.mp4"", ""data/videos/cam4_industry_ppe.mp4"", ""data/videos/cam5_pharma_ppe.mp4"", ""data/videos/cam6_lab_ppe.mp4"", ""data/videos/cam4_industry_ppe.mp4"", ""data/videos/cam5_pharma_ppe.mp4"", ""data/videos/cam6_lab_ppe.mp4"", ""data/videos/cam4_industry_ppe.mp4"", ""data/videos/cam5_pharma_ppe.mp4"", ""data/videos/cam6_lab_ppe.mp4"", ""data/videos/cam4_industry_ppe.mp4"", ""data/videos/cam5_pharma_ppe.mp4"", ""data/videos/cam6_lab_ppe.mp4"", ""data/videos/cam4_industry_ppe.mp4"", ""data/videos/cam5_pharma_ppe.mp4"", ""data/videos/cam6_lab_ppe.mp4"", ""data/videos/cam4_industry_ppe.mp4"", ""data/videos/cam5_pharma_ppe.mp4"", ""data/videos/cam6_lab_ppe.mp4"", ""data/videos/cam4_industry_ppe.mp4"", ""data/videos/cam5_pharma_ppe.mp4"", ""data/videos/cam6_lab_ppe.mp4"", ""data/videos/cam4_industry_ppe.mp4"", ""data/videos/cam5_pharma_ppe.mp4""]",
2026-09-25T15:48:48Z,Pavankumars-MacBook-Air.local,macOS-27.0-arm64-arm-64bit-Mach-O,3.14.7,ingest,75,0,2,0.2,5.0,,,,,,,,,,,,,,535,105.54043124460748,5.8642730712890625,47.16335513600001,"[""data/videos/cam4_industry_ppe.mp4"", ""data/videos/cam5_pharma_ppe.mp4"", ""data/videos/cam6_lab_ppe.mp4"", ""data/videos/cam4_industry_ppe.mp4"", ""data/videos/cam5_pharma_ppe.mp4"", ""data/videos/cam6_lab_ppe.mp4"", ""data/videos/cam4_industry_ppe.mp4"", ""data/videos/cam5_pharma_ppe.mp4"", ""data/videos/cam6_lab_ppe.mp4"", ""data/videos/cam4_industry_ppe.mp4"", ""data/videos/cam5_pharma_ppe.mp4"", ""data/videos/cam6_lab_ppe.mp4"", ""data/videos/cam4_industry_ppe.mp4"", ""data/videos/cam5_pharma_ppe.mp4"", ""data/videos/cam6_lab_ppe.mp4"", ""data/videos/cam4_industry_ppe.mp4"", ""data/videos/cam5_pharma_ppe.mp4"", ""data/videos/cam6_lab_ppe.mp4"", ""data/videos/cam4_industry_ppe.mp4"", ""data/videos/cam5_pharma_ppe.mp4"", ""data/videos/cam6_lab_ppe.mp4"", ""data/videos/cam4_industry_ppe.mp4"", ""data/videos/cam5_pharma_ppe.mp4"", ""data/videos/cam6_lab_ppe.mp4"", ""data/videos/cam4_industry_ppe.mp4"", ""data/videos/cam5_pharma_ppe.mp4"", ""data/videos/cam6_lab_ppe.mp4"", ""data/videos/cam4_industry_ppe.mp4"", ""data/videos/cam5_pharma_ppe.mp4"", ""data/videos/cam6_lab_ppe.mp4"", ""data/videos/cam4_industry_ppe.mp4"", ""data/videos/cam5_pharma_ppe.mp4"", ""data/videos/cam6_lab_ppe.mp4"", ""data/videos/cam4_industry_ppe.mp4"", ""data/videos/cam5_pharma_ppe.mp4"", ""data/videos/cam6_lab_ppe.mp4"", ""data/videos/cam4_industry_ppe.mp4"", ""data/videos/cam5_pharma_ppe.mp4"", ""data/videos/cam6_lab_ppe.mp4"", ""data/videos/cam4_industry_ppe.mp4"", ""data/videos/cam5_pharma_ppe.mp4"", ""data/videos/cam6_lab_ppe.mp4"", ""data/videos/cam4_industry_ppe.mp4"", ""data/videos/cam5_pharma_ppe.mp4"", ""data/videos/cam6_lab_ppe.mp4"", ""data/videos/cam4_industry_ppe.mp4"", ""data/videos/cam5_pharma_ppe.mp4"", ""data/videos/cam6_lab_ppe.mp4"", ""data/videos/cam4_industry_ppe.mp4"", ""data/videos/cam5_pharma_ppe.mp4"", ""data/videos/cam6_lab_ppe.mp4"", ""data/videos/cam4_industry_ppe.mp4"", ""data/videos/cam5_pharma_ppe.mp4"", ""data/videos/cam6_lab_ppe.mp4"", ""data/videos/cam4_industry_ppe.mp4"", ""data/videos/cam5_pharma_ppe.mp4"", ""data/videos/cam6_lab_ppe.mp4"", ""data/videos/cam4_industry_ppe.mp4"", ""data/videos/cam5_pharma_ppe.mp4"", ""data/videos/cam6_lab_ppe.mp4"", ""data/videos/cam4_industry_ppe.mp4"", ""data/videos/cam5_pharma_ppe.mp4"", ""data/videos/cam6_lab_ppe.mp4"", ""data/videos/cam4_industry_ppe.mp4"", ""data/videos/cam5_pharma_ppe.mp4"", ""data/videos/cam6_lab_ppe.mp4"", ""data/videos/cam4_industry_ppe.mp4"", ""data/videos/cam5_pharma_ppe.mp4"", ""data/videos/cam6_lab_ppe.mp4"", ""data/videos/cam4_industry_ppe.mp4"", ""data/videos/cam5_pharma_ppe.mp4"", ""data/videos/cam6_lab_ppe.mp4"", ""data/videos/cam4_industry_ppe.mp4"", ""data/videos/cam5_pharma_ppe.mp4"", ""data/videos/cam6_lab_ppe.mp4""]",
2026-09-25T15:50:29Z,Pavankumars-MacBook-Air.local,macOS-27.0-arm64-arm-64bit-Mach-O,3.14.7,ingest,100,0,2,0.2,5.0,,,,,,,,,,,,,,537,99.65362478460992,5.880218505859375,49.77079910400005,"[""data/videos/cam4_industry_ppe.mp4"", ""data/videos/cam5_pharma_ppe.mp4"", ""data/videos/cam6_lab_ppe.mp4"", ""data/videos/cam4_industry_ppe.mp4"", ""data/videos/cam5_pharma_ppe.mp4"", ""data/videos/cam6_lab_ppe.mp4"", ""data/videos/cam4_industry_ppe.mp4"", ""data/videos/cam5_pharma_ppe.mp4"", ""data/videos/cam6_lab_ppe.mp4"", ""data/videos/cam4_industry_ppe.mp4"", ""data/videos/cam5_pharma_ppe.mp4"", ""data/videos/cam6_lab_ppe.mp4"", ""data/videos/cam4_industry_ppe.mp4"", ""data/videos/cam5_pharma_ppe.mp4"", ""data/videos/cam6_lab_ppe.mp4"", ""data/videos/cam4_industry_ppe.mp4"", ""data/videos/cam5_pharma_ppe.mp4"", ""data/videos/cam6_lab_ppe.mp4"", ""data/videos/cam4_industry_ppe.mp4"", ""data/videos/cam5_pharma_ppe.mp4"", ""data/videos/cam6_lab_ppe.mp4"", ""data/videos/cam4_industry_ppe.mp4"", ""data/videos/cam5_pharma_ppe.mp4"", ""data/videos/cam6_lab_ppe.mp4"", ""data/videos/cam4_industry_ppe.mp4"", ""data/videos/cam5_pharma_ppe.mp4"", ""data/videos/cam6_lab_ppe.mp4"", ""data/videos/cam4_industry_ppe.mp4"", ""data/videos/cam5_pharma_ppe.mp4"", ""data/videos/cam6_lab_ppe.mp4"", ""data/videos/cam4_industry_ppe.mp4"", ""data/videos/cam5_pharma_ppe.mp4"", ""data/videos/cam6_lab_ppe.mp4"", ""data/videos/cam4_industry_ppe.mp4"", ""data/videos/cam5_pharma_ppe.mp4"", ""data/videos/cam6_lab_ppe.mp4"", ""data/videos/cam4_industry_ppe.mp4"", ""data/videos/cam5_pharma_ppe.mp4"", ""data/videos/cam6_lab_ppe.mp4"", ""data/videos/cam4_industry_ppe.mp4"", ""data/videos/cam5_pharma_ppe.mp4"", ""data/videos/cam6_lab_ppe.mp4"", ""data/videos/cam4_industry_ppe.mp4"", ""data/videos/cam5_pharma_ppe.mp4"", ""data/videos/cam6_lab_ppe.mp4"", ""data/videos/cam4_industry_ppe.mp4"", ""data/videos/cam5_pharma_ppe.mp4"", ""data/videos/cam6_lab_ppe.mp4"", ""data/videos/cam4_industry_ppe.mp4"", ""data/videos/cam5_pharma_ppe.mp4"", ""data/videos/cam6_lab_ppe.mp4"", ""data/videos/cam4_industry_ppe.mp4"", ""data/videos/cam5_pharma_ppe.mp4"", ""data/videos/cam6_lab_ppe.mp4"", ""data/videos/cam4_industry_ppe.mp4"", ""data/videos/cam5_pharma_ppe.mp4"", ""data/videos/cam6_lab_ppe.mp4"", ""data/videos/cam4_industry_ppe.mp4"", ""data/videos/cam5_pharma_ppe.mp4"", ""data/videos/cam6_lab_ppe.mp4"", ""data/videos/cam4_industry_ppe.mp4"", ""data/videos/cam5_pharma_ppe.mp4"", ""data/videos/cam6_lab_ppe.mp4"", ""data/videos/cam4_industry_ppe.mp4"", ""data/videos/cam5_pharma_ppe.mp4"", ""data/videos/cam6_lab_ppe.mp4"", ""data/videos/cam4_industry_ppe.mp4"", ""data/videos/cam5_pharma_ppe.mp4"", ""data/videos/cam6_lab_ppe.mp4"", ""data/videos/cam4_industry_ppe.mp4"", ""data/videos/cam5_pharma_ppe.mp4"", ""data/videos/cam6_lab_ppe.mp4"", ""data/videos/cam4_industry_ppe.mp4"", ""data/videos/cam5_pharma_ppe.mp4"", ""data/videos/cam6_lab_ppe.mp4"", ""data/videos/cam4_industry_ppe.mp4"", ""data/videos/cam5_pharma_ppe.mp4"", ""data/videos/cam6_lab_ppe.mp4"", ""data/videos/cam4_industry_ppe.mp4"", ""data/videos/cam5_pharma_ppe.mp4"", ""data/videos/cam6_lab_ppe.mp4"", ""data/videos/cam4_industry_ppe.mp4"", ""data/videos/cam5_pharma_ppe.mp4"", ""data/videos/cam6_lab_ppe.mp4"", ""data/videos/cam4_industry_ppe.mp4"", ""data/videos/cam5_pharma_ppe.mp4"", ""data/videos/cam6_lab_ppe.mp4"", ""data/videos/cam4_industry_ppe.mp4"", ""data/videos/cam5_pharma_ppe.mp4"", ""data/videos/cam6_lab_ppe.mp4"", ""data/videos/cam4_industry_ppe.mp4"", ""data/videos/cam5_pharma_ppe.mp4"", ""data/videos/cam6_lab_ppe.mp4"", ""data/videos/cam4_industry_ppe.mp4"", ""data/videos/cam5_pharma_ppe.mp4"", ""data/videos/cam6_lab_ppe.mp4"", ""data/videos/cam4_industry_ppe.mp4"", ""data/videos/cam5_pharma_ppe.mp4"", ""data/videos/cam6_lab_ppe.mp4"", ""data/videos/cam4_industry_ppe.mp4""]",
2026-09-25T15:50:35Z,Pavankumars-MacBook-Air.local,macOS-27.0-arm64-arm-64bit-Mach-O,3.14.7,fixed,3,2,2,0.2,5.0,178,178,0,0,1.0,178,35.292590945091526,8.388978999846586,10.021445200163726,10.293320069713445,20.23935317993164,41.37948751449585,50.17806529998779,,,4.1402435302734375,5.65954150399989,"[""data/videos/cam4_industry_ppe.mp4"", ""data/videos/cam5_pharma_ppe.mp4"", ""data/videos/cam6_lab_ppe.mp4""]","{""yolo-headcount"": 6.0, ""yolo-entryexit"": 8.0}"
2026-09-25T15:50:41Z,Pavankumars-MacBook-Air.local,macOS-27.0-arm64-arm-64bit-Mach-O,3.14.7,fixed,6,2,2,0.2,5.0,354,354,0,0,1.0,354,70.55444759219266,8.363188000203081,10.022677249708067,11.113985450083419,21.607637405395508,40.84521532058716,45.062434673309326,,,4.6655120849609375,11.248205824000024,"[""data/videos/cam4_industry_ppe.mp4"", ""data/videos/cam5_pharma_ppe.mp4"", ""data/videos/cam6_lab_ppe.mp4"", ""data/videos/cam4_industry_ppe.mp4"", ""data/videos/cam5_pharma_ppe.mp4"", ""data/videos/cam6_lab_ppe.mp4""]","{""yolo-headcount"": 6.0, ""yolo-entryexit"": 8.0}"
2026-09-25T15:50:47Z,Pavankumars-MacBook-Air.local,macOS-27.0-arm64-arm-64bit-Mach-O,3.14.7,fixed,12,2,2,0.2,5.0,686,686,0,0,1.0,686,136.5414514858279,8.965479000380583,11.470214699920689,13.285464709633743,19.868969917297363,40.97416400909424,45.28809309005737,,,4.963714599609375,26.20271820800008,"[""data/videos/cam4_industry_ppe.mp4"", ""data/videos/cam5_pharma_ppe.mp4"", ""data/videos/cam6_lab_ppe.mp4"", ""data/videos/cam4_industry_ppe.mp4"", ""data/videos/cam5_pharma_ppe.mp4"", ""data/videos/cam6_lab_ppe.mp4"", ""data/videos/cam4_industry_ppe.mp4"", ""data/videos/cam5_pharma_ppe.mp4"", ""data/videos/cam6_lab_ppe.mp4"", ""data/videos/cam4_industry_ppe.mp4"", ""data/videos/cam5_pharma_ppe.mp4"", ""data/videos/cam6_lab_ppe.mp4""]","{""yolo-headcount"": 6.0, ""yolo-entryexit"": 8.0}"
2026-09-25T15:50:55Z,Pavankumars-MacBook-Air.local,macOS-27.0-arm64-arm-64bit-Mach-O,3.14.7,fixed,25,2,2,0.2,5.0,641,636,0,0,0.9922,636,126.52160801581137,9.662917000241578,14.317574899905594,18.587231369820074,24.25527572631836,59.76574420928955,173.60917806625366,,,4.96478271484375,45.099204608000036,"[""data/videos/cam4_industry_ppe.mp4"", ""data/videos/cam5_pharma_ppe.mp4"", ""data/videos/cam6_lab_ppe.mp4"", ""data/videos/cam4_industry_ppe.mp4"", ""data/videos/cam5_pharma_ppe.mp4"", ""data/videos/cam6_lab_ppe.mp4"", ""data/videos/cam4_industry_ppe.mp4"", ""data/videos/cam5_pharma_ppe.mp4"", ""data/videos/cam6_lab_ppe.mp4"", ""data/videos/cam4_industry_ppe.mp4"", ""data/videos/cam5_pharma_ppe.mp4"", ""data/videos/cam6_lab_ppe.mp4"", ""data/videos/cam4_industry_ppe.mp4"", ""data/videos/cam5_pharma_ppe.mp4"", ""data/videos/cam6_lab_ppe.mp4"", ""data/videos/cam4_industry_ppe.mp4"", ""data/videos/cam5_pharma_ppe.mp4"", ""data/videos/cam6_lab_ppe.mp4"", ""data/videos/cam4_industry_ppe.mp4"", ""data/videos/cam5_pharma_ppe.mp4"", ""data/videos/cam6_lab_ppe.mp4"", ""data/videos/cam4_industry_ppe.mp4"", ""data/videos/cam5_pharma_ppe.mp4"", ""data/videos/cam6_lab_ppe.mp4"", ""data/videos/cam4_industry_ppe.mp4""]","{""yolo-headcount"": 6.0, ""yolo-entryexit"": 8.0}"
2026-09-25T15:51:21Z,Pavankumars-MacBook-Air.local,macOS-27.0-arm64-arm-64bit-Mach-O,3.14.7,fixed,50,2,2,0.2,5.0,627,618,0,0,0.9856,620,122.92838715105724,8.953020999797445,12.03750450008556,16.95705011003156,23.48792552947998,96.81663513183594,218.76428842544556,,,4.778839111328125,45.96729446400013,"[""data/videos/cam4_industry_ppe.mp4"", ""data/videos/cam5_pharma_ppe.mp4"", ""data/videos/cam6_lab_ppe.mp4"", ""data/videos/cam4_industry_ppe.mp4"", ""data/videos/cam5_pharma_ppe.mp4"", ""data/videos/cam6_lab_ppe.mp4"", ""data/videos/cam4_industry_ppe.mp4"", ""data/videos/cam5_pharma_ppe.mp4"", ""data/videos/cam6_lab_ppe.mp4"", ""data/videos/cam4_industry_ppe.mp4"", ""data/videos/cam5_pharma_ppe.mp4"", ""data/videos/cam6_lab_ppe.mp4"", ""data/videos/cam4_industry_ppe.mp4"", ""data/videos/cam5_pharma_ppe.mp4"", ""data/videos/cam6_lab_ppe.mp4"", ""data/videos/cam4_industry_ppe.mp4"", ""data/videos/cam5_pharma_ppe.mp4"", ""data/videos/cam6_lab_ppe.mp4"", ""data/videos/cam4_industry_ppe.mp4"", ""data/videos/cam5_pharma_ppe.mp4"", ""data/videos/cam6_lab_ppe.mp4"", ""data/videos/cam4_industry_ppe.mp4"", ""data/videos/cam5_pharma_ppe.mp4"", ""data/videos/cam6_lab_ppe.mp4"", ""data/videos/cam4_industry_ppe.mp4"", ""data/videos/cam5_pharma_ppe.mp4"", ""data/videos/cam6_lab_ppe.mp4"", ""data/videos/cam4_industry_ppe.mp4"", ""data/videos/cam5_pharma_ppe.mp4"", ""data/videos/cam6_lab_ppe.mp4"", ""data/videos/cam4_industry_ppe.mp4"", ""data/videos/cam5_pharma_ppe.mp4"", ""data/videos/cam6_lab_ppe.mp4"", ""data/videos/cam4_industry_ppe.mp4"", ""data/videos/cam5_pharma_ppe.mp4"", ""data/videos/cam6_lab_ppe.mp4"", ""data/videos/cam4_industry_ppe.mp4"", ""data/videos/cam5_pharma_ppe.mp4"", ""data/videos/cam6_lab_ppe.mp4"", ""data/videos/cam4_industry_ppe.mp4"", ""data/videos/cam5_pharma_ppe.mp4"", ""data/videos/cam6_lab_ppe.mp4"", ""data/videos/cam4_industry_ppe.mp4"", ""data/videos/cam5_pharma_ppe.mp4"", ""data/videos/cam6_lab_ppe.mp4"", ""data/videos/cam4_industry_ppe.mp4"", ""data/videos/cam5_pharma_ppe.mp4"", ""data/videos/cam6_lab_ppe.mp4"", ""data/videos/cam4_industry_ppe.mp4"", ""data/videos/cam5_pharma_ppe.mp4""]","{""yolo-headcount"": 6.0, ""yolo-entryexit"": 8.0}"
2026-09-25T15:52:38Z,Pavankumars-MacBook-Air.local,macOS-27.0-arm64-arm-64bit-Mach-O,3.14.7,fixed,75,2,2,0.2,5.0,702,702,0,0,1.0,702,139.3080788986838,8.85439600006066,11.463735800452923,14.628602499315093,21.992206573486328,62.02800273895264,146.65910005569458,,,2.9668731689453125,47.28789401599988,"[""data/videos/cam4_industry_ppe.mp4"", ""data/videos/cam5_pharma_ppe.mp4"", ""data/videos/cam6_lab_ppe.mp4"", ""data/videos/cam4_industry_ppe.mp4"", ""data/videos/cam5_pharma_ppe.mp4"", ""data/videos/cam6_lab_ppe.mp4"", ""data/videos/cam4_industry_ppe.mp4"", ""data/videos/cam5_pharma_ppe.mp4"", ""data/videos/cam6_lab_ppe.mp4"", ""data/videos/cam4_industry_ppe.mp4"", ""data/videos/cam5_pharma_ppe.mp4"", ""data/videos/cam6_lab_ppe.mp4"", ""data/videos/cam4_industry_ppe.mp4"", ""data/videos/cam5_pharma_ppe.mp4"", ""data/videos/cam6_lab_ppe.mp4"", ""data/videos/cam4_industry_ppe.mp4"", ""data/videos/cam5_pharma_ppe.mp4"", ""data/videos/cam6_lab_ppe.mp4"", ""data/videos/cam4_industry_ppe.mp4"", ""data/videos/cam5_pharma_ppe.mp4"", ""data/videos/cam6_lab_ppe.mp4"", ""data/videos/cam4_industry_ppe.mp4"", ""data/videos/cam5_pharma_ppe.mp4"", ""data/videos/cam6_lab_ppe.mp4"", ""data/videos/cam4_industry_ppe.mp4"", ""data/videos/cam5_pharma_ppe.mp4"", ""data/videos/cam6_lab_ppe.mp4"", ""data/videos/cam4_industry_ppe.mp4"", ""data/videos/cam5_pharma_ppe.mp4"", ""data/videos/cam6_lab_ppe.mp4"", ""data/videos/cam4_industry_ppe.mp4"", ""data/videos/cam5_pharma_ppe.mp4"", ""data/videos/cam6_lab_ppe.mp4"", ""data/videos/cam4_industry_ppe.mp4"", ""data/videos/cam5_pharma_ppe.mp4"", ""data/videos/cam6_lab_ppe.mp4"", ""data/videos/cam4_industry_ppe.mp4"", ""data/videos/cam5_pharma_ppe.mp4"", ""data/videos/cam6_lab_ppe.mp4"", ""data/videos/cam4_industry_ppe.mp4"", ""data/videos/cam5_pharma_ppe.mp4"", ""data/videos/cam6_lab_ppe.mp4"", ""data/videos/cam4_industry_ppe.mp4"", ""data/videos/cam5_pharma_ppe.mp4"", ""data/videos/cam6_lab_ppe.mp4"", ""data/videos/cam4_industry_ppe.mp4"", ""data/videos/cam5_pharma_ppe.mp4"", ""data/videos/cam6_lab_ppe.mp4"", ""data/videos/cam4_industry_ppe.mp4"", ""data/videos/cam5_pharma_ppe.mp4"", ""data/videos/cam6_lab_ppe.mp4"", ""data/videos/cam4_industry_ppe.mp4"", ""data/videos/cam5_pharma_ppe.mp4"", ""data/videos/cam6_lab_ppe.mp4"", ""data/videos/cam4_industry_ppe.mp4"", ""data/videos/cam5_pharma_ppe.mp4"", ""data/videos/cam6_lab_ppe.mp4"", ""data/videos/cam4_industry_ppe.mp4"", ""data/videos/cam5_pharma_ppe.mp4"", ""data/videos/cam6_lab_ppe.mp4"", ""data/videos/cam4_industry_ppe.mp4"", ""data/videos/cam5_pharma_ppe.mp4"", ""data/videos/cam6_lab_ppe.mp4"", ""data/videos/cam4_industry_ppe.mp4"", ""data/videos/cam5_pharma_ppe.mp4"", ""data/videos/cam6_lab_ppe.mp4"", ""data/videos/cam4_industry_ppe.mp4"", ""data/videos/cam5_pharma_ppe.mp4"", ""data/videos/cam6_lab_ppe.mp4"", ""data/videos/cam4_industry_ppe.mp4"", ""data/videos/cam5_pharma_ppe.mp4"", ""data/videos/cam6_lab_ppe.mp4"", ""data/videos/cam4_industry_ppe.mp4"", ""data/videos/cam5_pharma_ppe.mp4"", ""data/videos/cam6_lab_ppe.mp4""]","{""yolo-headcount"": 6.0, ""yolo-entryexit"": 8.0}"
2026-09-25T15:54:38Z,Pavankumars-MacBook-Air.local,macOS-27.0-arm64-arm-64bit-Mach-O,3.14.7,fixed,100,2,2,0.2,5.0,533,533,0,0,1.0,533,105.66042699407765,9.36870799978351,14.630100000249513,21.189189999695373,23.7429141998291,106.08508586883545,415.5985736846924,,,3.9767913818359375,40.27855667199992,"[""data/videos/cam4_industry_ppe.mp4"", ""data/videos/cam5_pharma_ppe.mp4"", ""data/videos/cam6_lab_ppe.mp4"", ""data/videos/cam4_industry_ppe.mp4"", ""data/videos/cam5_pharma_ppe.mp4"", ""data/videos/cam6_lab_ppe.mp4"", ""data/videos/cam4_industry_ppe.mp4"", ""data/videos/cam5_pharma_ppe.mp4"", ""data/videos/cam6_lab_ppe.mp4"", ""data/videos/cam4_industry_ppe.mp4"", ""data/videos/cam5_pharma_ppe.mp4"", ""data/videos/cam6_lab_ppe.mp4"", ""data/videos/cam4_industry_ppe.mp4"", ""data/videos/cam5_pharma_ppe.mp4"", ""data/videos/cam6_lab_ppe.mp4"", ""data/videos/cam4_industry_ppe.mp4"", ""data/videos/cam5_pharma_ppe.mp4"", ""data/videos/cam6_lab_ppe.mp4"", ""data/videos/cam4_industry_ppe.mp4"", ""data/videos/cam5_pharma_ppe.mp4"", ""data/videos/cam6_lab_ppe.mp4"", ""data/videos/cam4_industry_ppe.mp4"", ""data/videos/cam5_pharma_ppe.mp4"", ""data/videos/cam6_lab_ppe.mp4"", ""data/videos/cam4_industry_ppe.mp4"", ""data/videos/cam5_pharma_ppe.mp4"", ""data/videos/cam6_lab_ppe.mp4"", ""data/videos/cam4_industry_ppe.mp4"", ""data/videos/cam5_pharma_ppe.mp4"", ""data/videos/cam6_lab_ppe.mp4"", ""data/videos/cam4_industry_ppe.mp4"", ""data/videos/cam5_pharma_ppe.mp4"", ""data/videos/cam6_lab_ppe.mp4"", ""data/videos/cam4_industry_ppe.mp4"", ""data/videos/cam5_pharma_ppe.mp4"", ""data/videos/cam6_lab_ppe.mp4"", ""data/videos/cam4_industry_ppe.mp4"", ""data/videos/cam5_pharma_ppe.mp4"", ""data/videos/cam6_lab_ppe.mp4"", ""data/videos/cam4_industry_ppe.mp4"", ""data/videos/cam5_pharma_ppe.mp4"", ""data/videos/cam6_lab_ppe.mp4"", ""data/videos/cam4_industry_ppe.mp4"", ""data/videos/cam5_pharma_ppe.mp4"", ""data/videos/cam6_lab_ppe.mp4"", ""data/videos/cam4_industry_ppe.mp4"", ""data/videos/cam5_pharma_ppe.mp4"", ""data/videos/cam6_lab_ppe.mp4"", ""data/videos/cam4_industry_ppe.mp4"", ""data/videos/cam5_pharma_ppe.mp4"", ""data/videos/cam6_lab_ppe.mp4"", ""data/videos/cam4_industry_ppe.mp4"", ""data/videos/cam5_pharma_ppe.mp4"", ""data/videos/cam6_lab_ppe.mp4"", ""data/videos/cam4_industry_ppe.mp4"", ""data/videos/cam5_pharma_ppe.mp4"", ""data/videos/cam6_lab_ppe.mp4"", ""data/videos/cam4_industry_ppe.mp4"", ""data/videos/cam5_pharma_ppe.mp4"", ""data/videos/cam6_lab_ppe.mp4"", ""data/videos/cam4_industry_ppe.mp4"", ""data/videos/cam5_pharma_ppe.mp4"", ""data/videos/cam6_lab_ppe.mp4"", ""data/videos/cam4_industry_ppe.mp4"", ""data/videos/cam5_pharma_ppe.mp4"", ""data/videos/cam6_lab_ppe.mp4"", ""data/videos/cam4_industry_ppe.mp4"", ""data/videos/cam5_pharma_ppe.mp4"", ""data/videos/cam6_lab_ppe.mp4"", ""data/videos/cam4_industry_ppe.mp4"", ""data/videos/cam5_pharma_ppe.mp4"", ""data/videos/cam6_lab_ppe.mp4"", ""data/videos/cam4_industry_ppe.mp4"", ""data/videos/cam5_pharma_ppe.mp4"", ""data/videos/cam6_lab_ppe.mp4"", ""data/videos/cam4_industry_ppe.mp4"", ""data/videos/cam5_pharma_ppe.mp4"", ""data/videos/cam6_lab_ppe.mp4"", ""data/videos/cam4_industry_ppe.mp4"", ""data/videos/cam5_pharma_ppe.mp4"", ""data/videos/cam6_lab_ppe.mp4"", ""data/videos/cam4_industry_ppe.mp4"", ""data/videos/cam5_pharma_ppe.mp4"", ""data/videos/cam6_lab_ppe.mp4"", ""data/videos/cam4_industry_ppe.mp4"", ""data/videos/cam5_pharma_ppe.mp4"", ""data/videos/cam6_lab_ppe.mp4"", ""data/videos/cam4_industry_ppe.mp4"", ""data/videos/cam5_pharma_ppe.mp4"", ""data/videos/cam6_lab_ppe.mp4"", ""data/videos/cam4_industry_ppe.mp4"", ""data/videos/cam5_pharma_ppe.mp4"", ""data/videos/cam6_lab_ppe.mp4"", ""data/videos/cam4_industry_ppe.mp4"", ""data/videos/cam5_pharma_ppe.mp4"", ""data/videos/cam6_lab_ppe.mp4"", ""data/videos/cam4_industry_ppe.mp4"", ""data/videos/cam5_pharma_ppe.mp4"", ""data/videos/cam6_lab_ppe.mp4"", ""data/videos/cam4_industry_ppe.mp4""]","{""yolo-headcount"": 6.0, ""yolo-entryexit"": 8.0}"
2026-09-25T15:54:44Z,Pavankumars-MacBook-Air.local,macOS-27.0-arm64-arm-64bit-Mach-O,3.14.7,owlv2,3,3,2,0.2,5.0,264,238,19,0,0.9015,240,47.81033679554281,50.00493750003443,57.0225357005711,57.37192675026563,21.08299732208252,40.54840803146362,43.798890113830566,,,3.7032012939453125,5.6368168959998,"[""data/videos/cam4_industry_ppe.mp4"", ""data/videos/cam5_pharma_ppe.mp4"", ""data/videos/cam6_lab_ppe.mp4""]","{""owlv2-person"": 40.0, ""owlv2-forklift"": 45.0, ""owlv2-person-hardhat"": 52.0}"
2026-09-25T15:54:50Z,Pavankumars-MacBook-Air.local,macOS-27.0-arm64-arm-64bit-Mach-O,3.14.7,owlv2,6,3,2,0.2,5.0,531,241,273,0,0.4539,243,48.35254216237094,50.0080000001617,57.02410840003722,57.751526520187326,20.54762840270996,42.06347465515137,44.813947677612305,,,4.0830535888671875,11.09812838400012,"[""data/videos/cam4_industry_ppe.mp4"", ""data/videos/cam5_pharma_ppe.mp4"", ""data/videos/cam6_lab_ppe.mp4"", ""data/videos/cam4_industry_ppe.mp4"", ""data/videos/cam5_pharma_ppe.mp4"", ""data/videos/cam6_lab_ppe.mp4""]","{""owlv2-person"": 40.0, ""owlv2-forklift"": 45.0, ""owlv2-person-hardhat"": 52.0}"
2026-09-25T15:54:57Z,Pavankumars-MacBook-Air.local,macOS-27.0-arm64-arm-64bit-Mach-O,3.14.7,owlv2,12,3,2,0.2,5.0,1029,240,753,0,0.2332,242,48.25116045596123,50.01010399973893,57.55027955019614,59.66996837014449,20.426630973815918,42.628490924835205,47.14282751083374,,,4.3590087890625,26.199261183999624,"[""data/videos/cam4_industry_ppe.mp4"", ""data/videos/cam5_pharma_ppe.mp4"", ""data/videos/cam6_lab_ppe.mp4"", ""data/videos/cam4_industry_ppe.mp4"", ""data/videos/cam5_pharma_ppe.mp4"", ""data/videos/cam6_lab_ppe.mp4"", ""data/videos/cam4_industry_ppe.mp4"", ""data/videos/cam5_pharma_ppe.mp4"", ""data/videos/cam6_lab_ppe.mp4"", ""data/videos/cam4_industry_ppe.mp4"", ""data/videos/cam5_pharma_ppe.mp4"", ""data/videos/cam6_lab_ppe.mp4""]","{""owlv2-person"": 40.0, ""owlv2-forklift"": 45.0, ""owlv2-person-hardhat"": 52.0}"
2026-09-25T15:55:05Z,Pavankumars-MacBook-Air.local,macOS-27.0-arm64-arm-64bit-Mach-O,3.14.7,owlv2,25,3,2,0.2,5.0,776,242,463,0,0.3119,244,48.29983069749927,50.010208999992756,58.108041250307,74.04386509992946,26.325464248657227,89.83582258224487,223.1900930404663,,,4.1385498046875,48.918921215999944,"[""data/videos/cam4_industry_ppe.mp4"", ""data/videos/cam5_pharma_ppe.mp4"", ""data/videos/cam6_lab_ppe.mp4"", ""data/videos/cam4_industry_ppe.mp4"", ""data/videos/cam5_pharma_ppe.mp4"", ""data/videos/cam6_lab_ppe.mp4"", ""data/videos/cam4_industry_ppe.mp4"", ""data/videos/cam5_pharma_ppe.mp4"", ""data/videos/cam6_lab_ppe.mp4"", ""data/videos/cam4_industry_ppe.mp4"", ""data/videos/cam5_pharma_ppe.mp4"", ""data/videos/cam6_lab_ppe.mp4"", ""data/videos/cam4_industry_ppe.mp4"", ""data/videos/cam5_pharma_ppe.mp4"", ""data/videos/cam6_lab_ppe.mp4"", ""data/videos/cam4_industry_ppe.mp4"", ""data/videos/cam5_pharma_ppe.mp4"", ""data/videos/cam6_lab_ppe.mp4"", ""data/videos/cam4_industry_ppe.mp4"", ""data/videos/cam5_pharma_ppe.mp4"", ""data/videos/cam6_lab_ppe.mp4"", ""data/videos/cam4_industry_ppe.mp4"", ""data/videos/cam5_pharma_ppe.mp4"", ""data/videos/cam6_lab_ppe.mp4"", ""data/videos/cam4_industry_ppe.mp4""]","{""owlv2-person"": 40.0, ""owlv2-forklift"": 45.0, ""owlv2-person-hardhat"": 52.0}"
2026-09-25T15:55:36Z,Pavankumars-MacBook-Air.local,macOS-27.0-arm64-arm-64bit-Mach-O,3.14.7,owlv2,50,3,2,0.2,5.0,817,241,529,0,0.295,243,48.14564791258476,50.01216600066982,57.74470840024151,64.0700715197454,25.250911712646484,73.27756881713867,123.17157745361328,,,4.6568450927734375,49.24181708800006,"[""data/videos/cam4_industry_ppe.mp4"", ""data/videos/cam5_pharma_ppe.mp4"", ""data/videos/cam6_lab_ppe.mp4"", ""data/videos/cam4_industry_ppe.mp4"", ""data/videos/cam5_pharma_ppe.mp4"", ""data/videos/cam6_lab_ppe.mp4"", ""data/videos/cam4_industry_ppe.mp4"", ""data/videos/cam5_pharma_ppe.mp4"", ""data/videos/cam6_lab_ppe.mp4"", ""data/videos/cam4_industry_ppe.mp4"", ""data/videos/cam5_pharma_ppe.mp4"", ""data/videos/cam6_lab_ppe.mp4"", ""data/videos/cam4_industry_ppe.mp4"", ""data/videos/cam5_pharma_ppe.mp4"", ""data/videos/cam6_lab_ppe.mp4"", ""data/videos/cam4_industry_ppe.mp4"", ""data/videos/cam5_pharma_ppe.mp4"", ""data/videos/cam6_lab_ppe.mp4"", ""data/videos/cam4_industry_ppe.mp4"", ""data/videos/cam5_pharma_ppe.mp4"", ""data/videos/cam6_lab_ppe.mp4"", ""data/videos/cam4_industry_ppe.mp4"", ""data/videos/cam5_pharma_ppe.mp4"", ""data/videos/cam6_lab_ppe.mp4"", ""data/videos/cam4_industry_ppe.mp4"", ""data/videos/cam5_pharma_ppe.mp4"", ""data/videos/cam6_lab_ppe.mp4"", ""data/videos/cam4_industry_ppe.mp4"", ""data/videos/cam5_pharma_ppe.mp4"", ""data/videos/cam6_lab_ppe.mp4"", ""data/videos/cam4_industry_ppe.mp4"", ""data/videos/cam5_pharma_ppe.mp4"", ""data/videos/cam6_lab_ppe.mp4"", ""data/videos/cam4_industry_ppe.mp4"", ""data/videos/cam5_pharma_ppe.mp4"", ""data/videos/cam6_lab_ppe.mp4"", ""data/videos/cam4_industry_ppe.mp4"", ""data/videos/cam5_pharma_ppe.mp4"", ""data/videos/cam6_lab_ppe.mp4"", ""data/videos/cam4_industry_ppe.mp4"", ""data/videos/cam5_pharma_ppe.mp4"", ""data/videos/cam6_lab_ppe.mp4"", ""data/videos/cam4_industry_ppe.mp4"", ""data/videos/cam5_pharma_ppe.mp4"", ""data/videos/cam6_lab_ppe.mp4"", ""data/videos/cam4_industry_ppe.mp4"", ""data/videos/cam5_pharma_ppe.mp4"", ""data/videos/cam6_lab_ppe.mp4"", ""data/videos/cam4_industry_ppe.mp4"", ""data/videos/cam5_pharma_ppe.mp4""]","{""owlv2-person"": 40.0, ""owlv2-forklift"": 45.0, ""owlv2-person-hardhat"": 52.0}"
2026-09-25T15:56:37Z,Pavankumars-MacBook-Air.local,macOS-27.0-arm64-arm-64bit-Mach-O,3.14.7,owlv2,75,3,2,0.2,5.0,716,240,420,0,0.3352,242,48.09759438834271,50.010728999950516,57.91343750033775,66.9178339402606,25.339484214782715,74.27328824996948,192.045795917511,,,4.945526123046875,48.992256,"[""data/videos/cam4_industry_ppe.mp4"", ""data/videos/cam5_pharma_ppe.mp4"", ""data/videos/cam6_lab_ppe.mp4"", ""data/videos/cam4_industry_ppe.mp4"", ""data/videos/cam5_pharma_ppe.mp4"", ""data/videos/cam6_lab_ppe.mp4"", ""data/videos/cam4_industry_ppe.mp4"", ""data/videos/cam5_pharma_ppe.mp4"", ""data/videos/cam6_lab_ppe.mp4"", ""data/videos/cam4_industry_ppe.mp4"", ""data/videos/cam5_pharma_ppe.mp4"", ""data/videos/cam6_lab_ppe.mp4"", ""data/videos/cam4_industry_ppe.mp4"", ""data/videos/cam5_pharma_ppe.mp4"", ""data/videos/cam6_lab_ppe.mp4"", ""data/videos/cam4_industry_ppe.mp4"", ""data/videos/cam5_pharma_ppe.mp4"", ""data/videos/cam6_lab_ppe.mp4"", ""data/videos/cam4_industry_ppe.mp4"", ""data/videos/cam5_pharma_ppe.mp4"", ""data/videos/cam6_lab_ppe.mp4"", ""data/videos/cam4_industry_ppe.mp4"", ""data/videos/cam5_pharma_ppe.mp4"", ""data/videos/cam6_lab_ppe.mp4"", ""data/videos/cam4_industry_ppe.mp4"", ""data/videos/cam5_pharma_ppe.mp4"", ""data/videos/cam6_lab_ppe.mp4"", ""data/videos/cam4_industry_ppe.mp4"", ""data/videos/cam5_pharma_ppe.mp4"", ""data/videos/cam6_lab_ppe.mp4"", ""data/videos/cam4_industry_ppe.mp4"", ""data/videos/cam5_pharma_ppe.mp4"", ""data/videos/cam6_lab_ppe.mp4"", ""data/videos/cam4_industry_ppe.mp4"", ""data/videos/cam5_pharma_ppe.mp4"", ""data/videos/cam6_lab_ppe.mp4"", ""data/videos/cam4_industry_ppe.mp4"", ""data/videos/cam5_pharma_ppe.mp4"", ""data/videos/cam6_lab_ppe.mp4"", ""data/videos/cam4_industry_ppe.mp4"", ""data/videos/cam5_pharma_ppe.mp4"", ""data/videos/cam6_lab_ppe.mp4"", ""data/videos/cam4_industry_ppe.mp4"", ""data/videos/cam5_pharma_ppe.mp4"", ""data/videos/cam6_lab_ppe.mp4"", ""data/videos/cam4_industry_ppe.mp4"", ""data/videos/cam5_pharma_ppe.mp4"", ""data/videos/cam6_lab_ppe.mp4"", ""data/videos/cam4_industry_ppe.mp4"", ""data/videos/cam5_pharma_ppe.mp4"", ""data/videos/cam6_lab_ppe.mp4"", ""data/videos/cam4_industry_ppe.mp4"", ""data/videos/cam5_pharma_ppe.mp4"", ""data/videos/cam6_lab_ppe.mp4"", ""data/videos/cam4_industry_ppe.mp4"", ""data/videos/cam5_pharma_ppe.mp4"", ""data/videos/cam6_lab_ppe.mp4"", ""data/videos/cam4_industry_ppe.mp4"", ""data/videos/cam5_pharma_ppe.mp4"", ""data/videos/cam6_lab_ppe.mp4"", ""data/videos/cam4_industry_ppe.mp4"", ""data/videos/cam5_pharma_ppe.mp4"", ""data/videos/cam6_lab_ppe.mp4"", ""data/videos/cam4_industry_ppe.mp4"", ""data/videos/cam5_pharma_ppe.mp4"", ""data/videos/cam6_lab_ppe.mp4"", ""data/videos/cam4_industry_ppe.mp4"", ""data/videos/cam5_pharma_ppe.mp4"", ""data/videos/cam6_lab_ppe.mp4"", ""data/videos/cam4_industry_ppe.mp4"", ""data/videos/cam5_pharma_ppe.mp4"", ""data/videos/cam6_lab_ppe.mp4"", ""data/videos/cam4_industry_ppe.mp4"", ""data/videos/cam5_pharma_ppe.mp4"", ""data/videos/cam6_lab_ppe.mp4""]","{""owlv2-person"": 40.0, ""owlv2-forklift"": 45.0, ""owlv2-person-hardhat"": 52.0}"
2026-09-25T16:01:53Z,Pavankumars-MacBook-Air.local,macOS-27.0-arm64-arm-64bit-Mach-O,3.14.7,owlv2,100,3,2,0.2,5.0,709,228,430,0,0.3216,230,45.91364103258531,52.545125000051485,62.01992865007924,64.28420572986397,25.297880172729492,76.22514963150024,140.55795192718506,,,4.34368896484375,48.620142592000775,"[""data/videos/cam4_industry_ppe.mp4"", ""data/videos/cam5_pharma_ppe.mp4"", ""data/videos/cam6_lab_ppe.mp4"", ""data/videos/cam4_industry_ppe.mp4"", ""data/videos/cam5_pharma_ppe.mp4"", ""data/videos/cam6_lab_ppe.mp4"", ""data/videos/cam4_industry_ppe.mp4"", ""data/videos/cam5_pharma_ppe.mp4"", ""data/videos/cam6_lab_ppe.mp4"", ""data/videos/cam4_industry_ppe.mp4"", ""data/videos/cam5_pharma_ppe.mp4"", ""data/videos/cam6_lab_ppe.mp4"", ""data/videos/cam4_industry_ppe.mp4"", ""data/videos/cam5_pharma_ppe.mp4"", ""data/videos/cam6_lab_ppe.mp4"", ""data/videos/cam4_industry_ppe.mp4"", ""data/videos/cam5_pharma_ppe.mp4"", ""data/videos/cam6_lab_ppe.mp4"", ""data/videos/cam4_industry_ppe.mp4"", ""data/videos/cam5_pharma_ppe.mp4"", ""data/videos/cam6_lab_ppe.mp4"", ""data/videos/cam4_industry_ppe.mp4"", ""data/videos/cam5_pharma_ppe.mp4"", ""data/videos/cam6_lab_ppe.mp4"", ""data/videos/cam4_industry_ppe.mp4"", ""data/videos/cam5_pharma_ppe.mp4"", ""data/videos/cam6_lab_ppe.mp4"", ""data/videos/cam4_industry_ppe.mp4"", ""data/videos/cam5_pharma_ppe.mp4"", ""data/videos/cam6_lab_ppe.mp4"", ""data/videos/cam4_industry_ppe.mp4"", ""data/videos/cam5_pharma_ppe.mp4"", ""data/videos/cam6_lab_ppe.mp4"", ""data/videos/cam4_industry_ppe.mp4"", ""data/videos/cam5_pharma_ppe.mp4"", ""data/videos/cam6_lab_ppe.mp4"", ""data/videos/cam4_industry_ppe.mp4"", ""data/videos/cam5_pharma_ppe.mp4"", ""data/videos/cam6_lab_ppe.mp4"", ""data/videos/cam4_industry_ppe.mp4"", ""data/videos/cam5_pharma_ppe.mp4"", ""data/videos/cam6_lab_ppe.mp4"", ""data/videos/cam4_industry_ppe.mp4"", ""data/videos/cam5_pharma_ppe.mp4"", ""data/videos/cam6_lab_ppe.mp4"", ""data/videos/cam4_industry_ppe.mp4"", ""data/videos/cam5_pharma_ppe.mp4"", ""data/videos/cam6_lab_ppe.mp4"", ""data/videos/cam4_industry_ppe.mp4"", ""data/videos/cam5_pharma_ppe.mp4"", ""data/videos/cam6_lab_ppe.mp4"", ""data/videos/cam4_industry_ppe.mp4"", ""data/videos/cam5_pharma_ppe.mp4"", ""data/videos/cam6_lab_ppe.mp4"", ""data/videos/cam4_industry_ppe.mp4"", ""data/videos/cam5_pharma_ppe.mp4"", ""data/videos/cam6_lab_ppe.mp4"", ""data/videos/cam4_industry_ppe.mp4"", ""data/videos/cam5_pharma_ppe.mp4"", ""data/videos/cam6_lab_ppe.mp4"", ""data/videos/cam4_industry_ppe.mp4"", ""data/videos/cam5_pharma_ppe.mp4"", ""data/videos/cam6_lab_ppe.mp4"", ""data/videos/cam4_industry_ppe.mp4"", ""data/videos/cam5_pharma_ppe.mp4"", ""data/videos/cam6_lab_ppe.mp4"", ""data/videos/cam4_industry_ppe.mp4"", ""data/videos/cam5_pharma_ppe.mp4"", ""data/videos/cam6_lab_ppe.mp4"", ""data/videos/cam4_industry_ppe.mp4"", ""data/videos/cam5_pharma_ppe.mp4"", ""data/videos/cam6_lab_ppe.mp4"", ""data/videos/cam4_industry_ppe.mp4"", ""data/videos/cam5_pharma_ppe.mp4"", ""data/videos/cam6_lab_ppe.mp4"", ""data/videos/cam4_industry_ppe.mp4"", ""data/videos/cam5_pharma_ppe.mp4"", ""data/videos/cam6_lab_ppe.mp4"", ""data/videos/cam4_industry_ppe.mp4"", ""data/videos/cam5_pharma_ppe.mp4"", ""data/videos/cam6_lab_ppe.mp4"", ""data/videos/cam4_industry_ppe.mp4"", ""data/videos/cam5_pharma_ppe.mp4"", ""data/videos/cam6_lab_ppe.mp4"", ""data/videos/cam4_industry_ppe.mp4"", ""data/videos/cam5_pharma_ppe.mp4"", ""data/videos/cam6_lab_ppe.mp4"", ""data/videos/cam4_industry_ppe.mp4"", ""data/videos/cam5_pharma_ppe.mp4"", ""data/videos/cam6_lab_ppe.mp4"", ""data/videos/cam4_industry_ppe.mp4"", ""data/videos/cam5_pharma_ppe.mp4"", ""data/videos/cam6_lab_ppe.mp4"", ""data/videos/cam4_industry_ppe.mp4"", ""data/videos/cam5_pharma_ppe.mp4"", ""data/videos/cam6_lab_ppe.mp4"", ""data/videos/cam4_industry_ppe.mp4"", ""data/videos/cam5_pharma_ppe.mp4"", ""data/videos/cam6_lab_ppe.mp4"", ""data/videos/cam4_industry_ppe.mp4""]","{""owlv2-person"": 40.0, ""owlv2-forklift"": 45.0, ""owlv2-person-hardhat"": 52.0}"
2026-09-25T16:01:59Z,Pavankumars-MacBook-Air.local,macOS-27.0-arm64-arm-64bit-Mach-O,3.14.7,full,3,5,2,0.2,5.0,445,368,69,0,0.827,370,73.48994243720422,45.00458299980892,57.01318589995026,57.04734639001799,21.35467529296875,42.37360954284668,44.173805713653564,,,4.0237274169921875,5.703991295999913,"[""data/videos/cam4_industry_ppe.mp4"", ""data/videos/cam5_pharma_ppe.mp4"", ""data/videos/cam6_lab_ppe.mp4""]","{""yolo-headcount"": 6.0, ""yolo-entryexit"": 8.0, ""owlv2-person"": 40.0, ""owlv2-forklift"": 45.0, ""owlv2-person-hardhat"": 52.0}"
2026-09-25T16:02:05Z,Pavankumars-MacBook-Air.local,macOS-27.0-arm64-arm-64bit-Mach-O,3.14.7,full,6,5,2,0.2,5.0,885,362,497,0,0.409,364,72.2680051075526,45.00564599993595,57.018854500256566,57.645989150069,20.123958587646484,41.10217094421387,45.51739692687988,,,4.308929443359375,11.452088320000257,"[""data/videos/cam4_industry_ppe.mp4"", ""data/videos/cam5_pharma_ppe.mp4"", ""data/videos/cam6_lab_ppe.mp4"", ""data/videos/cam4_industry_ppe.mp4"", ""data/videos/cam5_pharma_ppe.mp4"", ""data/videos/cam6_lab_ppe.mp4""]","{""yolo-headcount"": 6.0, ""yolo-entryexit"": 8.0, ""owlv2-person"": 40.0, ""owlv2-forklift"": 45.0, ""owlv2-person-hardhat"": 52.0}"
2026-09-25T16:02:12Z,Pavankumars-MacBook-Air.local,macOS-27.0-arm64-arm-64bit-Mach-O,3.14.7,full,12,5,2,0.2,5.0,1710,360,1299,0,0.2105,362,72.10933926682661,45.0121045000742,57.02634729982492,58.23478262005665,20.386338233947754,42.88454055786133,45.94921112060547,,,4.549652099609375,25.46401280000009,"[""data/videos/cam4_industry_ppe.mp4"", ""data/videos/cam5_pharma_ppe.mp4"", ""data/videos/cam6_lab_ppe.mp4"", ""data/videos/cam4_industry_ppe.mp4"", ""data/videos/cam5_pharma_ppe.mp4"", ""data/videos/cam6_lab_ppe.mp4"", ""data/videos/cam4_industry_ppe.mp4"", ""data/videos/cam5_pharma_ppe.mp4"", ""data/videos/cam6_lab_ppe.mp4"", ""data/videos/cam4_industry_ppe.mp4"", ""data/videos/cam5_pharma_ppe.mp4"", ""data/videos/cam6_lab_ppe.mp4""]","{""yolo-headcount"": 6.0, ""yolo-entryexit"": 8.0, ""owlv2-person"": 40.0, ""owlv2-forklift"": 45.0, ""owlv2-person-hardhat"": 52.0}"
2026-09-25T16:02:20Z,Pavankumars-MacBook-Air.local,macOS-27.0-arm64-arm-64bit-Mach-O,3.14.7,full,25,5,2,0.2,5.0,859,352,431,0,0.4098,354,70.14408731115338,45.010646000719134,57.113510749786656,61.19022865018451,26.43275260925293,84.21844244003296,414.70786333084106,,,3.695220947265625,46.354857983999864,"[""data/videos/cam4_industry_ppe.mp4"", ""data/videos/cam5_pharma_ppe.mp4"", ""data/videos/cam6_lab_ppe.mp4"", ""data/videos/cam4_industry_ppe.mp4"", ""data/videos/cam5_pharma_ppe.mp4"", ""data/videos/cam6_lab_ppe.mp4"", ""data/videos/cam4_industry_ppe.mp4"", ""data/videos/cam5_pharma_ppe.mp4"", ""data/videos/cam6_lab_ppe.mp4"", ""data/videos/cam4_industry_ppe.mp4"", ""data/videos/cam5_pharma_ppe.mp4"", ""data/videos/cam6_lab_ppe.mp4"", ""data/videos/cam4_industry_ppe.mp4"", ""data/videos/cam5_pharma_ppe.mp4"", ""data/videos/cam6_lab_ppe.mp4"", ""data/videos/cam4_industry_ppe.mp4"", ""data/videos/cam5_pharma_ppe.mp4"", ""data/videos/cam6_lab_ppe.mp4"", ""data/videos/cam4_industry_ppe.mp4"", ""data/videos/cam5_pharma_ppe.mp4"", ""data/videos/cam6_lab_ppe.mp4"", ""data/videos/cam4_industry_ppe.mp4"", ""data/videos/cam5_pharma_ppe.mp4"", ""data/videos/cam6_lab_ppe.mp4"", ""data/videos/cam4_industry_ppe.mp4""]","{""yolo-headcount"": 6.0, ""yolo-entryexit"": 8.0, ""owlv2-person"": 40.0, ""owlv2-forklift"": 45.0, ""owlv2-person-hardhat"": 52.0}"
2026-09-25T16:02:44Z,Pavankumars-MacBook-Air.local,macOS-27.0-arm64-arm-64bit-Mach-O,3.14.7,full,50,5,2,0.2,5.0,732,349,293,0,0.4768,351,70.15213344554819,45.011042000624,57.69045839970204,63.703359680075664,24.597883224487305,77.38175392150879,104.70320701599121,,,5.0103302001953125,45.877952511999865,"[""data/videos/cam4_industry_ppe.mp4"", ""data/videos/cam5_pharma_ppe.mp4"", ""data/videos/cam6_lab_ppe.mp4"", ""data/videos/cam4_industry_ppe.mp4"", ""data/videos/cam5_pharma_ppe.mp4"", ""data/videos/cam6_lab_ppe.mp4"", ""data/videos/cam4_industry_ppe.mp4"", ""data/videos/cam5_pharma_ppe.mp4"", ""data/videos/cam6_lab_ppe.mp4"", ""data/videos/cam4_industry_ppe.mp4"", ""data/videos/cam5_pharma_ppe.mp4"", ""data/videos/cam6_lab_ppe.mp4"", ""data/videos/cam4_industry_ppe.mp4"", ""data/videos/cam5_pharma_ppe.mp4"", ""data/videos/cam6_lab_ppe.mp4"", ""data/videos/cam4_industry_ppe.mp4"", ""data/videos/cam5_pharma_ppe.mp4"", ""data/videos/cam6_lab_ppe.mp4"", ""data/videos/cam4_industry_ppe.mp4"", ""data/videos/cam5_pharma_ppe.mp4"", ""data/videos/cam6_lab_ppe.mp4"", ""data/videos/cam4_industry_ppe.mp4"", ""data/videos/cam5_pharma_ppe.mp4"", ""data/videos/cam6_lab_ppe.mp4"", ""data/videos/cam4_industry_ppe.mp4"", ""data/videos/cam5_pharma_ppe.mp4"", ""data/videos/cam6_lab_ppe.mp4"", ""data/videos/cam4_industry_ppe.mp4"", ""data/videos/cam5_pharma_ppe.mp4"", ""data/videos/cam6_lab_ppe.mp4"", ""data/videos/cam4_industry_ppe.mp4"", ""data/videos/cam5_pharma_ppe.mp4"", ""data/videos/cam6_lab_ppe.mp4"", ""data/videos/cam4_industry_ppe.mp4"", ""data/videos/cam5_pharma_ppe.mp4"", ""data/videos/cam6_lab_ppe.mp4"", ""data/videos/cam4_industry_ppe.mp4"", ""data/videos/cam5_pharma_ppe.mp4"", ""data/videos/cam6_lab_ppe.mp4"", ""data/videos/cam4_industry_ppe.mp4"", ""data/videos/cam5_pharma_ppe.mp4"", ""data/videos/cam6_lab_ppe.mp4"", ""data/videos/cam4_industry_ppe.mp4"", ""data/videos/cam5_pharma_ppe.mp4"", ""data/videos/cam6_lab_ppe.mp4"", ""data/videos/cam4_industry_ppe.mp4"", ""data/videos/cam5_pharma_ppe.mp4"", ""data/videos/cam6_lab_ppe.mp4"", ""data/videos/cam4_industry_ppe.mp4"", ""data/videos/cam5_pharma_ppe.mp4""]","{""yolo-headcount"": 6.0, ""yolo-entryexit"": 8.0, ""owlv2-person"": 40.0, ""owlv2-forklift"": 45.0, ""owlv2-person-hardhat"": 52.0}"
2026-09-25T16:03:38Z,Pavankumars-MacBook-Air.local,macOS-27.0-arm64-arm-64bit-Mach-O,3.14.7,full,75,5,2,0.2,5.0,790,359,353,0,0.4544,361,72.13636369486504,45.01041699950292,57.635907699568634,62.3187529198367,23.537874221801758,63.16120624542236,94.92967128753662,,,4.9658966064453125,48.369238016000054,"[""data/videos/cam4_industry_ppe.mp4"", ""data/videos/cam5_pharma_ppe.mp4"", ""data/videos/cam6_lab_ppe.mp4"", ""data/videos/cam4_industry_ppe.mp4"", ""data/videos/cam5_pharma_ppe.mp4"", ""data/videos/cam6_lab_ppe.mp4"", ""data/videos/cam4_industry_ppe.mp4"", ""data/videos/cam5_pharma_ppe.mp4"", ""data/videos/cam6_lab_ppe.mp4"", ""data/videos/cam4_industry_ppe.mp4"", ""data/videos/cam5_pharma_ppe.mp4"", ""data/videos/cam6_lab_ppe.mp4"", ""data/videos/cam4_industry_ppe.mp4"", ""data/videos/cam5_pharma_ppe.mp4"", ""data/videos/cam6_lab_ppe.mp4"", ""data/videos/cam4_industry_ppe.mp4"", ""data/videos/cam5_pharma_ppe.mp4"", ""data/videos/cam6_lab_ppe.mp4"", ""data/videos/cam4_industry_ppe.mp4"", ""data/videos/cam5_pharma_ppe.mp4"", ""data/videos/cam6_lab_ppe.mp4"", ""data/videos/cam4_industry_ppe.mp4"", ""data/videos/cam5_pharma_ppe.mp4"", ""data/videos/cam6_lab_ppe.mp4"", ""data/videos/cam4_industry_ppe.mp4"", ""data/videos/cam5_pharma_ppe.mp4"", ""data/videos/cam6_lab_ppe.mp4"", ""data/videos/cam4_industry_ppe.mp4"", ""data/videos/cam5_pharma_ppe.mp4"", ""data/videos/cam6_lab_ppe.mp4"", ""data/videos/cam4_industry_ppe.mp4"", ""data/videos/cam5_pharma_ppe.mp4"", ""data/videos/cam6_lab_ppe.mp4"", ""data/videos/cam4_industry_ppe.mp4"", ""data/videos/cam5_pharma_ppe.mp4"", ""data/videos/cam6_lab_ppe.mp4"", ""data/videos/cam4_industry_ppe.mp4"", ""data/videos/cam5_pharma_ppe.mp4"", ""data/videos/cam6_lab_ppe.mp4"", ""data/videos/cam4_industry_ppe.mp4"", ""data/videos/cam5_pharma_ppe.mp4"", ""data/videos/cam6_lab_ppe.mp4"", ""data/videos/cam4_industry_ppe.mp4"", ""data/videos/cam5_pharma_ppe.mp4"", ""data/videos/cam6_lab_ppe.mp4"", ""data/videos/cam4_industry_ppe.mp4"", ""data/videos/cam5_pharma_ppe.mp4"", ""data/videos/cam6_lab_ppe.mp4"", ""data/videos/cam4_industry_ppe.mp4"", ""data/videos/cam5_pharma_ppe.mp4"", ""data/videos/cam6_lab_ppe.mp4"", ""data/videos/cam4_industry_ppe.mp4"", ""data/videos/cam5_pharma_ppe.mp4"", ""data/videos/cam6_lab_ppe.mp4"", ""data/videos/cam4_industry_ppe.mp4"", ""data/videos/cam5_pharma_ppe.mp4"", ""data/videos/cam6_lab_ppe.mp4"", ""data/videos/cam4_industry_ppe.mp4"", ""data/videos/cam5_pharma_ppe.mp4"", ""data/videos/cam6_lab_ppe.mp4"", ""data/videos/cam4_industry_ppe.mp4"", ""data/videos/cam5_pharma_ppe.mp4"", ""data/videos/cam6_lab_ppe.mp4"", ""data/videos/cam4_industry_ppe.mp4"", ""data/videos/cam5_pharma_ppe.mp4"", ""data/videos/cam6_lab_ppe.mp4"", ""data/videos/cam4_industry_ppe.mp4"", ""data/videos/cam5_pharma_ppe.mp4"", ""data/videos/cam6_lab_ppe.mp4"", ""data/videos/cam4_industry_ppe.mp4"", ""data/videos/cam5_pharma_ppe.mp4"", ""data/videos/cam6_lab_ppe.mp4"", ""data/videos/cam4_industry_ppe.mp4"", ""data/videos/cam5_pharma_ppe.mp4"", ""data/videos/cam6_lab_ppe.mp4""]","{""yolo-headcount"": 6.0, ""yolo-entryexit"": 8.0, ""owlv2-person"": 40.0, ""owlv2-forklift"": 45.0, ""owlv2-person-hardhat"": 52.0}"
2026-09-25T16:05:35Z,Pavankumars-MacBook-Air.local,macOS-27.0-arm64-arm-64bit-Mach-O,3.14.7,full,100,5,2,0.2,5.0,719,361,268,0,0.5021,363,71.5171598695905,44.80291700019734,57.01799180042144,60.73016852034925,24.889230728149414,69.08230781555176,116.74545288085938,,,4.7117462158203125,47.284355071999926,"[""data/videos/cam4_industry_ppe.mp4"", ""data/videos/cam5_pharma_ppe.mp4"", ""data/videos/cam6_lab_ppe.mp4"", ""data/videos/cam4_industry_ppe.mp4"", ""data/videos/cam5_pharma_ppe.mp4"", ""data/videos/cam6_lab_ppe.mp4"", ""data/videos/cam4_industry_ppe.mp4"", ""data/videos/cam5_pharma_ppe.mp4"", ""data/videos/cam6_lab_ppe.mp4"", ""data/videos/cam4_industry_ppe.mp4"", ""data/videos/cam5_pharma_ppe.mp4"", ""data/videos/cam6_lab_ppe.mp4"", ""data/videos/cam4_industry_ppe.mp4"", ""data/videos/cam5_pharma_ppe.mp4"", ""data/videos/cam6_lab_ppe.mp4"", ""data/videos/cam4_industry_ppe.mp4"", ""data/videos/cam5_pharma_ppe.mp4"", ""data/videos/cam6_lab_ppe.mp4"", ""data/videos/cam4_industry_ppe.mp4"", ""data/videos/cam5_pharma_ppe.mp4"", ""data/videos/cam6_lab_ppe.mp4"", ""data/videos/cam4_industry_ppe.mp4"", ""data/videos/cam5_pharma_ppe.mp4"", ""data/videos/cam6_lab_ppe.mp4"", ""data/videos/cam4_industry_ppe.mp4"", ""data/videos/cam5_pharma_ppe.mp4"", ""data/videos/cam6_lab_ppe.mp4"", ""data/videos/cam4_industry_ppe.mp4"", ""data/videos/cam5_pharma_ppe.mp4"", ""data/videos/cam6_lab_ppe.mp4"", ""data/videos/cam4_industry_ppe.mp4"", ""data/videos/cam5_pharma_ppe.mp4"", ""data/videos/cam6_lab_ppe.mp4"", ""data/videos/cam4_industry_ppe.mp4"", ""data/videos/cam5_pharma_ppe.mp4"", ""data/videos/cam6_lab_ppe.mp4"", ""data/videos/cam4_industry_ppe.mp4"", ""data/videos/cam5_pharma_ppe.mp4"", ""data/videos/cam6_lab_ppe.mp4"", ""data/videos/cam4_industry_ppe.mp4"", ""data/videos/cam5_pharma_ppe.mp4"", ""data/videos/cam6_lab_ppe.mp4"", ""data/videos/cam4_industry_ppe.mp4"", ""data/videos/cam5_pharma_ppe.mp4"", ""data/videos/cam6_lab_ppe.mp4"", ""data/videos/cam4_industry_ppe.mp4"", ""data/videos/cam5_pharma_ppe.mp4"", ""data/videos/cam6_lab_ppe.mp4"", ""data/videos/cam4_industry_ppe.mp4"", ""data/videos/cam5_pharma_ppe.mp4"", ""data/videos/cam6_lab_ppe.mp4"", ""data/videos/cam4_industry_ppe.mp4"", ""data/videos/cam5_pharma_ppe.mp4"", ""data/videos/cam6_lab_ppe.mp4"", ""data/videos/cam4_industry_ppe.mp4"", ""data/videos/cam5_pharma_ppe.mp4"", ""data/videos/cam6_lab_ppe.mp4"", ""data/videos/cam4_industry_ppe.mp4"", ""data/videos/cam5_pharma_ppe.mp4"", ""data/videos/cam6_lab_ppe.mp4"", ""data/videos/cam4_industry_ppe.mp4"", ""data/videos/cam5_pharma_ppe.mp4"", ""data/videos/cam6_lab_ppe.mp4"", ""data/videos/cam4_industry_ppe.mp4"", ""data/videos/cam5_pharma_ppe.mp4"", ""data/videos/cam6_lab_ppe.mp4"", ""data/videos/cam4_industry_ppe.mp4"", ""data/videos/cam5_pharma_ppe.mp4"", ""data/videos/cam6_lab_ppe.mp4"", ""data/videos/cam4_industry_ppe.mp4"", ""data/videos/cam5_pharma_ppe.mp4"", ""data/videos/cam6_lab_ppe.mp4"", ""data/videos/cam4_industry_ppe.mp4"", ""data/videos/cam5_pharma_ppe.mp4"", ""data/videos/cam6_lab_ppe.mp4"", ""data/videos/cam4_industry_ppe.mp4"", ""data/videos/cam5_pharma_ppe.mp4"", ""data/videos/cam6_lab_ppe.mp4"", ""data/videos/cam4_industry_ppe.mp4"", ""data/videos/cam5_pharma_ppe.mp4"", ""data/videos/cam6_lab_ppe.mp4"", ""data/videos/cam4_industry_ppe.mp4"", ""data/videos/cam5_pharma_ppe.mp4"", ""data/videos/cam6_lab_ppe.mp4"", ""data/videos/cam4_industry_ppe.mp4"", ""data/videos/cam5_pharma_ppe.mp4"", ""data/videos/cam6_lab_ppe.mp4"", ""data/videos/cam4_industry_ppe.mp4"", ""data/videos/cam5_pharma_ppe.mp4"", ""data/videos/cam6_lab_ppe.mp4"", ""data/videos/cam4_industry_ppe.mp4"", ""data/videos/cam5_pharma_ppe.mp4"", ""data/videos/cam6_lab_ppe.mp4"", ""data/videos/cam4_industry_ppe.mp4"", ""data/videos/cam5_pharma_ppe.mp4"", ""data/videos/cam6_lab_ppe.mp4"", ""data/videos/cam4_industry_ppe.mp4"", ""data/videos/cam5_pharma_ppe.mp4"", ""data/videos/cam6_lab_ppe.mp4"", ""data/videos/cam4_industry_ppe.mp4""]","{""yolo-headcount"": 6.0, ""yolo-entryexit"": 8.0, ""owlv2-person"": 40.0, ""owlv2-forklift"": 45.0, ""owlv2-person-hardhat"": 52.0}"
