actual_forwards_per_sec,actual_model_forwards,alert_latency_p95_ms,alerts,camera_count,camera_starvation_count,completed_forwards,completed_forwards_per_sec,completion_ratio,cpu_percent,device,drop_rate,dropped,error_messages,errors,frame_age_p50_ms,frame_age_p95_ms,frame_age_p99_ms,gpu_memory_gb,gpu_temperature_c,gpu_utilization_pct,latency_p50_ms,latency_p95_ms,latency_p99_ms,mode,model_p50_ms,model_p95_ms,model_p99_ms,per_camera_completion,per_camera_frame_age_p95_ms,postprocess_p50_ms,postprocess_p95_ms,preprocess_p50_ms,preprocess_p95_ms,queue_wait_p50_ms,queue_wait_p95_ms,queue_wait_p99_ms,requested_forwards,requested_forwards_per_sec,rss_gb,run_duration_sec,skipped_by_gate,source_feeds,submitted,task_interval_sec,useful_detections,useful_throughput_per_sec,workers
7.979807318355079,48,551.3287909998326,46,3,0,48,7.979807318355079,0.8,129.9,mps,0.2,12,[],0,159.56783294677734,288.6371612548828,505.1920413970947,,,,193.7448749995383,551.3287909998326,1005.3563330002362,yolo,56.62416699942696,162.77408299993112,1005.3199169997242,"{""0"": 0.8, ""1"": 0.8, ""2"": 0.8}","{""0"": 114.98308181762695, ""1"": 200.8380889892578, ""2"": 288.6371612548828}",0.0,0.0,4.199955583317205e-05,8.400002116104588e-05,159.5713330007129,288.6451249996753,505.1941250003438,48,7.979807318355079,1.90618896484375,5.0,0,"[""data/videos/cam4_industry_ppe.mp4"", ""data/videos/cam5_pharma_ppe.mp4"", ""data/videos/cam6_lab_ppe.mp4""]",60,0.5,182,30.256769415429673,1
17.13107198511621,103,519.2850830007956,96,6,0,103,17.13107198511621,0.8583333333333333,236.1,mps,0.14166666666666666,17,[],0,245.16606330871582,472.9440212249756,498.34299087524414,,,,303.2460419999552,519.2850830007956,552.4715420006032,yolo,57.48325000058685,63.093583000409126,142.0444999994288,"{""0"": 1.0, ""1"": 0.9, ""2"": 0.9, ""3"": 0.9, ""4"": 0.85, ""5"": 0.6}","{""0"": 425.7361888885498, ""1"": 251.90401077270508, ""2"": 317.2600269317627, ""3"": 407.451868057251, ""4"": 481.1890125274658, ""5"": 494.54212188720703}",0.0,0.0,4.199955583317205e-05,8.300048648379743e-05,245.16645899984724,472.95200000007753,498.34391700005654,103,17.13107198511621,2.5846405029296875,5.0,0,"[""data/videos/cam4_industry_ppe.mp4"", ""data/videos/cam5_pharma_ppe.mp4"", ""data/videos/cam6_lab_ppe.mp4"", ""data/videos/cam4_industry_ppe.mp4"", ""data/videos/cam5_pharma_ppe.mp4"", ""data/videos/cam6_lab_ppe.mp4""]",120,0.5,377,62.70304988727001,1
16.305014013224575,98,1148.7814169995545,93,12,0,98,16.305014013224575,0.4083333333333333,538.7,mps,0.5916666666666667,142,[],0,295.6721782684326,1108.8149547576904,1352.0150184631348,,,,348.683916000482,1148.7814169995545,1397.6945829990655,yolo,61.445915999684075,83.2633749996603,175.17133399996965,"{""0"": 0.5, ""1"": 0.5, ""2"": 0.5, ""3"": 0.45, ""4"": 0.4, ""5"": 0.4, ""6"": 0.4, ""7"": 0.4, ""8"": 0.4, ""9"": 0.35, ""10"": 0.3, ""11"": 0.3}","{""0"": 429.9030303955078, ""1"": 867.5491809844971, ""2"": 992.8750991821289, ""3"": 1034.2049598693848, ""4"": 625.03981590271, ""5"": 756.9141387939453, ""6"": 1108.8149547576904, ""7"": 1223.848819732666, ""8"": 1352.0150184631348, ""9"": 1397.6631164550781, ""10"": 220.09015083312988, ""11"": 317.3351287841797}",0.0,0.0,4.2000465327873826e-05,8.400002116104588e-05,295.6834169999638,1108.8165419996585,1352.0162919994618,98,16.305014013224575,3.006500244140625,5.0,0,"[""data/videos/cam4_industry_ppe.mp4"", ""data/videos/cam5_pharma_ppe.mp4"", ""data/videos/cam6_lab_ppe.mp4"", ""data/videos/cam4_industry_ppe.mp4"", ""data/videos/cam5_pharma_ppe.mp4"", ""data/videos/cam6_lab_ppe.mp4"", ""data/videos/cam4_industry_ppe.mp4"", ""data/videos/cam5_pharma_ppe.mp4"", ""data/videos/cam6_lab_ppe.mp4"", ""data/videos/cam4_industry_ppe.mp4"", ""data/videos/cam5_pharma_ppe.mp4"", ""data/videos/cam6_lab_ppe.mp4""]",240,0.5,392,65.2200560528983,1
0.46670226178888974,3,3832.8438749995257,2,25,23,3,0.46670226178888974,0.007772020725388601,846.5,mps,0.8704663212435233,336,[],0,469.13623809814453,1749.690055847168,1749.690055847168,,,,3028.072833999431,3832.8438749995257,3832.8438749995257,yolo,3021.441374999995,3363.7070419999873,3363.7070419999873,"{""0"": 0.1111111111111111, ""1"": 0.05555555555555555, ""2"": 0.0, ""3"": 0.0, ""4"": 0.0, ""5"": 0.0, ""6"": 0.0, ""7"": 0.0, ""8"": 0.0, ""9"": 0.0, ""10"": 0.0, ""11"": 0.0, ""12"": 0.0, ""13"": 0.0, ""14"": 0.0, ""15"": 0.0, ""16"": 0.0, ""17"": 0.0, ""18"": 0.0, ""19"": 0.0, ""20"": 0.0, ""21"": 0.0, ""22"": 0.0, ""23"": 0.0, ""24"": 0.0}","{""0"": 469.13623809814453, ""1"": 1749.690055847168, ""2"": 0.0, ""3"": 0.0, ""4"": 0.0, ""5"": 0.0, ""6"": 0.0, ""7"": 0.0, ""8"": 0.0, ""9"": 0.0, ""10"": 0.0, ""11"": 0.0, ""12"": 0.0, ""13"": 0.0, ""14"": 0.0, ""15"": 0.0, ""16"": 0.0, ""17"": 0.0, ""18"": 0.0, ""19"": 0.0, ""20"": 0.0, ""21"": 0.0, ""22"": 0.0, ""23"": 0.0, ""24"": 0.0}",0.0,0.0,8.299957698909566e-05,0.00012500004231696948,469.13674999996147,1749.7017499999856,1749.7017499999856,3,0.46670226178888974,3.5151519775390625,5.0,0,"[""data/videos/cam4_industry_ppe.mp4"", ""data/videos/cam5_pharma_ppe.mp4"", ""data/videos/cam6_lab_ppe.mp4"", ""data/videos/cam4_industry_ppe.mp4"", ""data/videos/cam5_pharma_ppe.mp4"", ""data/videos/cam6_lab_ppe.mp4"", ""data/videos/cam4_industry_ppe.mp4"", ""data/videos/cam5_pharma_ppe.mp4"", ""data/videos/cam6_lab_ppe.mp4"", ""data/videos/cam4_industry_ppe.mp4"", ""data/videos/cam5_pharma_ppe.mp4"", ""data/videos/cam6_lab_ppe.mp4"", ""data/videos/cam4_industry_ppe.mp4"", ""data/videos/cam5_pharma_ppe.mp4"", ""data/videos/cam6_lab_ppe.mp4"", ""data/videos/cam4_industry_ppe.mp4"", ""data/videos/cam5_pharma_ppe.mp4"", ""data/videos/cam6_lab_ppe.mp4"", ""data/videos/cam4_industry_ppe.mp4"", ""data/videos/cam5_pharma_ppe.mp4"", ""data/videos/cam6_lab_ppe.mp4"", ""data/videos/cam4_industry_ppe.mp4"", ""data/videos/cam5_pharma_ppe.mp4"", ""data/videos/cam6_lab_ppe.mp4"", ""data/videos/cam4_industry_ppe.mp4""]",386,0.5,4,0.6222696823851863,1
0.15196524011408827,1,11532.213875000707,0,50,49,1,0.15196524011408827,0.00423728813559322,807.5,mps,0.75,177,[],0,0.6020069122314453,0.6020069122314453,0.6020069122314453,,,,11532.213875000707,11532.213875000707,11532.213875000707,yolo,11531.603917000211,11531.603917000211,11531.603917000211,"{""0"": 0.1, ""1"": 0.0, ""2"": 0.0, ""3"": 0.0, ""4"": 0.0, ""5"": 0.0, ""6"": 0.0, ""7"": 0.0, ""8"": 0.0, ""9"": 0.0, ""10"": 0.0, ""11"": 0.0, ""12"": 0.0, ""13"": 0.0, ""14"": 0.0, ""15"": 0.0, ""16"": 0.0, ""17"": 0.0, ""18"": 0.0, ""19"": 0.0, ""20"": 0.0, ""21"": 0.0, ""22"": 0.0, ""23"": 0.0, ""24"": 0.0, ""25"": 0.0, ""26"": 0.0, ""27"": 0.0, ""28"": 0.0, ""29"": 0.0, ""30"": 0.0, ""31"": 0.0, ""32"": 0.0, ""33"": 0.0, ""34"": 0.0, ""35"": 0.0, ""36"": 0.0, ""37"": 0.0, ""38"": 0.0, ""39"": 0.0, ""40"": 0.0, ""41"": 0.0, ""42"": 0.0, ""43"": 0.0, ""44"": 0.0, ""45"": 0.0, ""46"": 0.0, ""47"": 0.0, ""48"": 0.0, ""49"": 0.0}","{""0"": 0.6020069122314453, ""1"": 0.0, ""2"": 0.0, ""3"": 0.0, ""4"": 0.0, ""5"": 0.0, ""6"": 0.0, ""7"": 0.0, ""8"": 0.0, ""9"": 0.0, ""10"": 0.0, ""11"": 0.0, ""12"": 0.0, ""13"": 0.0, ""14"": 0.0, ""15"": 0.0, ""16"": 0.0, ""17"": 0.0, ""18"": 0.0, ""19"": 0.0, ""20"": 0.0, ""21"": 0.0, ""22"": 0.0, ""23"": 0.0, ""24"": 0.0, ""25"": 0.0, ""26"": 0.0, ""27"": 0.0, ""28"": 0.0, ""29"": 0.0, ""30"": 0.0, ""31"": 0.0, ""32"": 0.0, ""33"": 0.0, ""34"": 0.0, ""35"": 0.0, ""36"": 0.0, ""37"": 0.0, ""38"": 0.0, ""39"": 0.0, ""40"": 0.0, ""41"": 0.0, ""42"": 0.0, ""43"": 0.0, ""44"": 0.0, ""45"": 0.0, ""46"": 0.0, ""47"": 0.0, ""48"": 0.0, ""49"": 0.0}",0.0,0.0,0.0001670005076448433,0.0001670005076448433,0.6097909999880358,0.6097909999880358,0.6097909999880358,1,0.15196524011408827,3.7057952880859375,5.0,0,"[""data/videos/cam4_industry_ppe.mp4"", ""data/videos/cam5_pharma_ppe.mp4"", ""data/videos/cam6_lab_ppe.mp4"", ""data/videos/cam4_industry_ppe.mp4"", ""data/videos/cam5_pharma_ppe.mp4"", ""data/videos/cam6_lab_ppe.mp4"", ""data/videos/cam4_industry_ppe.mp4"", ""data/videos/cam5_pharma_ppe.mp4"", ""data/videos/cam6_lab_ppe.mp4"", ""data/videos/cam4_industry_ppe.mp4"", ""data/videos/cam5_pharma_ppe.mp4"", ""data/videos/cam6_lab_ppe.mp4"", ""data/videos/cam4_industry_ppe.mp4"", ""data/videos/cam5_pharma_ppe.mp4"", ""data/videos/cam6_lab_ppe.mp4"", ""data/videos/cam4_industry_ppe.mp4"", ""data/videos/cam5_pharma_ppe.mp4"", ""data/videos/cam6_lab_ppe.mp4"", ""data/videos/cam4_industry_ppe.mp4"", ""data/videos/cam5_pharma_ppe.mp4"", ""data/videos/cam6_lab_ppe.mp4"", ""data/videos/cam4_industry_ppe.mp4"", ""data/videos/cam5_pharma_ppe.mp4"", ""data/videos/cam6_lab_ppe.mp4"", ""data/videos/cam4_industry_ppe.mp4"", ""data/videos/cam5_pharma_ppe.mp4"", ""data/videos/cam6_lab_ppe.mp4"", ""data/videos/cam4_industry_ppe.mp4"", ""data/videos/cam5_pharma_ppe.mp4"", ""data/videos/cam6_lab_ppe.mp4"", ""data/videos/cam4_industry_ppe.mp4"", ""data/videos/cam5_pharma_ppe.mp4"", ""data/videos/cam6_lab_ppe.mp4"", ""data/videos/cam4_industry_ppe.mp4"", ""data/videos/cam5_pharma_ppe.mp4"", ""data/videos/cam6_lab_ppe.mp4"", ""data/videos/cam4_industry_ppe.mp4"", ""data/videos/cam5_pharma_ppe.mp4"", ""data/videos/cam6_lab_ppe.mp4"", ""data/videos/cam4_industry_ppe.mp4"", ""data/videos/cam5_pharma_ppe.mp4"", ""data/videos/cam6_lab_ppe.mp4"", ""data/videos/cam4_industry_ppe.mp4"", ""data/videos/cam5_pharma_ppe.mp4"", ""data/videos/cam6_lab_ppe.mp4"", ""data/videos/cam4_industry_ppe.mp4"", ""data/videos/cam5_pharma_ppe.mp4"", ""data/videos/cam6_lab_ppe.mp4"", ""data/videos/cam4_industry_ppe.mp4"", ""data/videos/cam5_pharma_ppe.mp4""]",236,0.5,0,0.0,1
0.31240894987593604,2,9733.915750000051,1,75,74,2,0.31240894987593604,0.005847953216374269,756.5,mps,0.827485380116959,283,[],0,0.04291534423828125,1355.9422492980957,1355.9422492980957,,,,5398.982000000615,9733.915750000051,9733.915750000051,yolo,5398.932042000524,8377.966875000311,8377.966875000311,"{""0"": 0.14285714285714285, ""1"": 0.0, ""2"": 0.0, ""3"": 0.0, ""4"": 0.0, ""5"": 0.0, ""6"": 0.0, ""7"": 0.0, ""8"": 0.0, ""9"": 0.0, ""10"": 0.0, ""11"": 0.0, ""12"": 0.0, ""13"": 0.0, ""14"": 0.0, ""15"": 0.0, ""16"": 0.0, ""17"": 0.0, ""18"": 0.0, ""19"": 0.0, ""20"": 0.0, ""21"": 0.0, ""22"": 0.0, ""23"": 0.0, ""24"": 0.0, ""25"": 0.0, ""26"": 0.0, ""27"": 0.0, ""28"": 0.0, ""29"": 0.0, ""30"": 0.0, ""31"": 0.0, ""32"": 0.0, ""33"": 0.0, ""34"": 0.0, ""35"": 0.0, ""36"": 0.0, ""37"": 0.0, ""38"": 0.0, ""39"": 0.0, ""40"": 0.0, ""41"": 0.0, ""42"": 0.0, ""43"": 0.0, ""44"": 0.0, ""45"": 0.0, ""46"": 0.0, ""47"": 0.0, ""48"": 0.0, ""49"": 0.0, ""50"": 0.0, ""51"": 0.0, ""52"": 0.0, ""53"": 0.0, ""54"": 0.0, ""55"": 0.0, ""56"": 0.0, ""57"": 0.0, ""58"": 0.0, ""59"": 0.0, ""60"": 0.0, ""61"": 0.0, ""62"": 0.0, ""63"": 0.0, ""64"": 0.0, ""65"": 0.0, ""66"": 0.0, ""67"": 0.0, ""68"": 0.0, ""69"": 0.0, ""70"": 0.0, ""71"": 0.0, ""72"": 0.0, ""73"": 0.0, ""74"": 0.0}","{""0"": 1355.9422492980957, ""1"": 0.0, ""2"": 0.0, ""3"": 0.0, ""4"": 0.0, ""5"": 0.0, ""6"": 0.0, ""7"": 0.0, ""8"": 0.0, ""9"": 0.0, ""10"": 0.0, ""11"": 0.0, ""12"": 0.0, ""13"": 0.0, ""14"": 0.0, ""15"": 0.0, ""16"": 0.0, ""17"": 0.0, ""18"": 0.0, ""19"": 0.0, ""20"": 0.0, ""21"": 0.0, ""22"": 0.0, ""23"": 0.0, ""24"": 0.0, ""25"": 0.0, ""26"": 0.0, ""27"": 0.0, ""28"": 0.0, ""29"": 0.0, ""30"": 0.0, ""31"": 0.0, ""32"": 0.0, ""33"": 0.0, ""34"": 0.0, ""35"": 0.0, ""36"": 0.0, ""37"": 0.0, ""38"": 0.0, ""39"": 0.0, ""40"": 0.0, ""41"": 0.0, ""42"": 0.0, ""43"": 0.0, ""44"": 0.0, ""45"": 0.0, ""46"": 0.0, ""47"": 0.0, ""48"": 0.0, ""49"": 0.0, ""50"": 0.0, ""51"": 0.0, ""52"": 0.0, ""53"": 0.0, ""54"": 0.0, ""55"": 0.0, ""56"": 0.0, ""57"": 0.0, ""58"": 0.0, ""59"": 0.0, ""60"": 0.0, ""61"": 0.0, ""62"": 0.0, ""63"": 0.0, ""64"": 0.0, ""65"": 0.0, ""66"": 0.0, ""67"": 0.0, ""68"": 0.0, ""69"": 0.0, ""70"": 0.0, ""71"": 0.0, ""72"": 0.0, ""73"": 0.0, ""74"": 0.0}",0.0,0.0,4.1000021155923605e-05,0.00012500004231696948,0.04983300004823832,1355.9488339997188,1355.9488339997188,2,0.31240894987593604,4.066802978515625,5.0,0,"[""data/videos/cam4_industry_ppe.mp4"", ""data/videos/cam5_pharma_ppe.mp4"", ""data/videos/cam6_lab_ppe.mp4"", ""data/videos/cam4_industry_ppe.mp4"", ""data/videos/cam5_pharma_ppe.mp4"", ""data/videos/cam6_lab_ppe.mp4"", ""data/videos/cam4_industry_ppe.mp4"", ""data/videos/cam5_pharma_ppe.mp4"", ""data/videos/cam6_lab_ppe.mp4"", ""data/videos/cam4_industry_ppe.mp4"", ""data/videos/cam5_pharma_ppe.mp4"", ""data/videos/cam6_lab_ppe.mp4"", ""data/videos/cam4_industry_ppe.mp4"", ""data/videos/cam5_pharma_ppe.mp4"", ""data/videos/cam6_lab_ppe.mp4"", ""data/videos/cam4_industry_ppe.mp4"", ""data/videos/cam5_pharma_ppe.mp4"", ""data/videos/cam6_lab_ppe.mp4"", ""data/videos/cam4_industry_ppe.mp4"", ""data/videos/cam5_pharma_ppe.mp4"", ""data/videos/cam6_lab_ppe.mp4"", ""data/videos/cam4_industry_ppe.mp4"", ""data/videos/cam5_pharma_ppe.mp4"", ""data/videos/cam6_lab_ppe.mp4"", ""data/videos/cam4_industry_ppe.mp4"", ""data/videos/cam5_pharma_ppe.mp4"", ""data/videos/cam6_lab_ppe.mp4"", ""data/videos/cam4_industry_ppe.mp4"", ""data/videos/cam5_pharma_ppe.mp4"", ""data/videos/cam6_lab_ppe.mp4"", ""data/videos/cam4_industry_ppe.mp4"", ""data/videos/cam5_pharma_ppe.mp4"", ""data/videos/cam6_lab_ppe.mp4"", ""data/videos/cam4_industry_ppe.mp4"", ""data/videos/cam5_pharma_ppe.mp4"", ""data/videos/cam6_lab_ppe.mp4"", ""data/videos/cam4_industry_ppe.mp4"", ""data/videos/cam5_pharma_ppe.mp4"", ""data/videos/cam6_lab_ppe.mp4"", ""data/videos/cam4_industry_ppe.mp4"", ""data/videos/cam5_pharma_ppe.mp4"", ""data/videos/cam6_lab_ppe.mp4"", ""data/videos/cam4_industry_ppe.mp4"", ""data/videos/cam5_pharma_ppe.mp4"", ""data/videos/cam6_lab_ppe.mp4"", ""data/videos/cam4_industry_ppe.mp4"", ""data/videos/cam5_pharma_ppe.mp4"", ""data/videos/cam6_lab_ppe.mp4"", ""data/videos/cam4_industry_ppe.mp4"", ""data/videos/cam5_pharma_ppe.mp4"", ""data/videos/cam6_lab_ppe.mp4"", ""data/videos/cam4_industry_ppe.mp4"", ""data/videos/cam5_pharma_ppe.mp4"", ""data/videos/cam6_lab_ppe.mp4"", ""data/videos/cam4_industry_ppe.mp4"", ""data/videos/cam5_pharma_ppe.mp4"", ""data/videos/cam6_lab_ppe.mp4"", ""data/videos/cam4_industry_ppe.mp4"", ""data/videos/cam5_pharma_ppe.mp4"", ""data/videos/cam6_lab_ppe.mp4"", ""data/videos/cam4_industry_ppe.mp4"", ""data/videos/cam5_pharma_ppe.mp4"", ""data/videos/cam6_lab_ppe.mp4"", ""data/videos/cam4_industry_ppe.mp4"", ""data/videos/cam5_pharma_ppe.mp4"", ""data/videos/cam6_lab_ppe.mp4"", ""data/videos/cam4_industry_ppe.mp4"", ""data/videos/cam5_pharma_ppe.mp4"", ""data/videos/cam6_lab_ppe.mp4"", ""data/videos/cam4_industry_ppe.mp4"", ""data/videos/cam5_pharma_ppe.mp4"", ""data/videos/cam6_lab_ppe.mp4"", ""data/videos/cam4_industry_ppe.mp4"", ""data/videos/cam5_pharma_ppe.mp4"", ""data/videos/cam6_lab_ppe.mp4""]",342,0.5,3,0.4686134248139041,1
0.268675647011258,2,9272.87408200118,1,100,99,2,0.268675647011258,0.005,662.6,mps,0.85,340,[],0,0.15282630920410156,748.661994934082,748.661994934082,,,,4549.879707999025,9272.87408200118,9272.87408200118,yolo,4549.7226249999585,8524.21058300024,8524.21058300024,"{""0"": 0.1111111111111111, ""1"": 0.0, ""2"": 0.0, ""3"": 0.0, ""4"": 0.0, ""5"": 0.0, ""6"": 0.0, ""7"": 0.0, ""8"": 0.0, ""9"": 0.0, ""10"": 0.0, ""11"": 0.0, ""12"": 0.0, ""13"": 0.0, ""14"": 0.0, ""15"": 0.0, ""16"": 0.0, ""17"": 0.0, ""18"": 0.0, ""19"": 0.0, ""20"": 0.0, ""21"": 0.0, ""22"": 0.0, ""23"": 0.0, ""24"": 0.0, ""25"": 0.0, ""26"": 0.0, ""27"": 0.0, ""28"": 0.0, ""29"": 0.0, ""30"": 0.0, ""31"": 0.0, ""32"": 0.0, ""33"": 0.0, ""34"": 0.0, ""35"": 0.0, ""36"": 0.0, ""37"": 0.0, ""38"": 0.0, ""39"": 0.0, ""40"": 0.0, ""41"": 0.0, ""42"": 0.0, ""43"": 0.0, ""44"": 0.0, ""45"": 0.0, ""46"": 0.0, ""47"": 0.0, ""48"": 0.0, ""49"": 0.0, ""50"": 0.0, ""51"": 0.0, ""52"": 0.0, ""53"": 0.0, ""54"": 0.0, ""55"": 0.0, ""56"": 0.0, ""57"": 0.0, ""58"": 0.0, ""59"": 0.0, ""60"": 0.0, ""61"": 0.0, ""62"": 0.0, ""63"": 0.0, ""64"": 0.0, ""65"": 0.0, ""66"": 0.0, ""67"": 0.0, ""68"": 0.0, ""69"": 0.0, ""70"": 0.0, ""71"": 0.0, ""72"": 0.0, ""73"": 0.0, ""74"": 0.0, ""75"": 0.0, ""76"": 0.0, ""77"": 0.0, ""78"": 0.0, ""79"": 0.0, ""80"": 0.0, ""81"": 0.0, ""82"": 0.0, ""83"": 0.0, ""84"": 0.0, ""85"": 0.0, ""86"": 0.0, ""87"": 0.0, ""88"": 0.0, ""89"": 0.0, ""90"": 0.0, ""91"": 0.0, ""92"": 0.0, ""93"": 0.0, ""94"": 0.0, ""95"": 0.0, ""96"": 0.0, ""97"": 0.0, ""98"": 0.0, ""99"": 0.0}","{""0"": 748.661994934082, ""1"": 0.0, ""2"": 0.0, ""3"": 0.0, ""4"": 0.0, ""5"": 0.0, ""6"": 0.0, ""7"": 0.0, ""8"": 0.0, ""9"": 0.0, ""10"": 0.0, ""11"": 0.0, ""12"": 0.0, ""13"": 0.0, ""14"": 0.0, ""15"": 0.0, ""16"": 0.0, ""17"": 0.0, ""18"": 0.0, ""19"": 0.0, ""20"": 0.0, ""21"": 0.0, ""22"": 0.0, ""23"": 0.0, ""24"": 0.0, ""25"": 0.0, ""26"": 0.0, ""27"": 0.0, ""28"": 0.0, ""29"": 0.0, ""30"": 0.0, ""31"": 0.0, ""32"": 0.0, ""33"": 0.0, ""34"": 0.0, ""35"": 0.0, ""36"": 0.0, ""37"": 0.0, ""38"": 0.0, ""39"": 0.0, ""40"": 0.0, ""41"": 0.0, ""42"": 0.0, ""43"": 0.0, ""44"": 0.0, ""45"": 0.0, ""46"": 0.0, ""47"": 0.0, ""48"": 0.0, ""49"": 0.0, ""50"": 0.0, ""51"": 0.0, ""52"": 0.0, ""53"": 0.0, ""54"": 0.0, ""55"": 0.0, ""56"": 0.0, ""57"": 0.0, ""58"": 0.0, ""59"": 0.0, ""60"": 0.0, ""61"": 0.0, ""62"": 0.0, ""63"": 0.0, ""64"": 0.0, ""65"": 0.0, ""66"": 0.0, ""67"": 0.0, ""68"": 0.0, ""69"": 0.0, ""70"": 0.0, ""71"": 0.0, ""72"": 0.0, ""73"": 0.0, ""74"": 0.0, ""75"": 0.0, ""76"": 0.0, ""77"": 0.0, ""78"": 0.0, ""79"": 0.0, ""80"": 0.0, ""81"": 0.0, ""82"": 0.0, ""83"": 0.0, ""84"": 0.0, ""85"": 0.0, ""86"": 0.0, ""87"": 0.0, ""88"": 0.0, ""89"": 0.0, ""90"": 0.0, ""91"": 0.0, ""92"": 0.0, ""93"": 0.0, ""94"": 0.0, ""95"": 0.0, ""96"": 0.0, ""97"": 0.0, ""98"": 0.0, ""99"": 0.0}",0.0,0.0,8.300048648379743e-05,0.00016599915397819132,0.15691699991293717,748.6634160004542,748.6634160004542,2,0.268675647011258,4.165435791015625,5.0,0,"[""data/videos/cam4_industry_ppe.mp4"", ""data/videos/cam5_pharma_ppe.mp4"", ""data/videos/cam6_lab_ppe.mp4"", ""data/videos/cam4_industry_ppe.mp4"", ""data/videos/cam5_pharma_ppe.mp4"", ""data/videos/cam6_lab_ppe.mp4"", ""data/videos/cam4_industry_ppe.mp4"", ""data/videos/cam5_pharma_ppe.mp4"", ""data/videos/cam6_lab_ppe.mp4"", ""data/videos/cam4_industry_ppe.mp4"", ""data/videos/cam5_pharma_ppe.mp4"", ""data/videos/cam6_lab_ppe.mp4"", ""data/videos/cam4_industry_ppe.mp4"", ""data/videos/cam5_pharma_ppe.mp4"", ""data/videos/cam6_lab_ppe.mp4"", ""data/videos/cam4_industry_ppe.mp4"", ""data/videos/cam5_pharma_ppe.mp4"", ""data/videos/cam6_lab_ppe.mp4"", ""data/videos/cam4_industry_ppe.mp4"", ""data/videos/cam5_pharma_ppe.mp4"", ""data/videos/cam6_lab_ppe.mp4"", ""data/videos/cam4_industry_ppe.mp4"", ""data/videos/cam5_pharma_ppe.mp4"", ""data/videos/cam6_lab_ppe.mp4"", ""data/videos/cam4_industry_ppe.mp4"", ""data/videos/cam5_pharma_ppe.mp4"", ""data/videos/cam6_lab_ppe.mp4"", ""data/videos/cam4_industry_ppe.mp4"", ""data/videos/cam5_pharma_ppe.mp4"", ""data/videos/cam6_lab_ppe.mp4"", ""data/videos/cam4_industry_ppe.mp4"", ""data/videos/cam5_pharma_ppe.mp4"", ""data/videos/cam6_lab_ppe.mp4"", ""data/videos/cam4_industry_ppe.mp4"", ""data/videos/cam5_pharma_ppe.mp4"", ""data/videos/cam6_lab_ppe.mp4"", ""data/videos/cam4_industry_ppe.mp4"", ""data/videos/cam5_pharma_ppe.mp4"", ""data/videos/cam6_lab_ppe.mp4"", ""data/videos/cam4_industry_ppe.mp4"", ""data/videos/cam5_pharma_ppe.mp4"", ""data/videos/cam6_lab_ppe.mp4"", ""data/videos/cam4_industry_ppe.mp4"", ""data/videos/cam5_pharma_ppe.mp4"", ""data/videos/cam6_lab_ppe.mp4"", ""data/videos/cam4_industry_ppe.mp4"", ""data/videos/cam5_pharma_ppe.mp4"", ""data/videos/cam6_lab_ppe.mp4"", ""data/videos/cam4_industry_ppe.mp4"", ""data/videos/cam5_pharma_ppe.mp4"", ""data/videos/cam6_lab_ppe.mp4"", ""data/videos/cam4_industry_ppe.mp4"", ""data/videos/cam5_pharma_ppe.mp4"", ""data/videos/cam6_lab_ppe.mp4"", ""data/videos/cam4_industry_ppe.mp4"", ""data/videos/cam5_pharma_ppe.mp4"", ""data/videos/cam6_lab_ppe.mp4"", ""data/videos/cam4_industry_ppe.mp4"", ""data/videos/cam5_pharma_ppe.mp4"", ""data/videos/cam6_lab_ppe.mp4"", ""data/videos/cam4_industry_ppe.mp4"", ""data/videos/cam5_pharma_ppe.mp4"", ""data/videos/cam6_lab_ppe.mp4"", ""data/videos/cam4_industry_ppe.mp4"", ""data/videos/cam5_pharma_ppe.mp4"", ""data/videos/cam6_lab_ppe.mp4"", ""data/videos/cam4_industry_ppe.mp4"", ""data/videos/cam5_pharma_ppe.mp4"", ""data/videos/cam6_lab_ppe.mp4"", ""data/videos/cam4_industry_ppe.mp4"", ""data/videos/cam5_pharma_ppe.mp4"", ""data/videos/cam6_lab_ppe.mp4"", ""data/videos/cam4_industry_ppe.mp4"", ""data/videos/cam5_pharma_ppe.mp4"", ""data/videos/cam6_lab_ppe.mp4"", ""data/videos/cam4_industry_ppe.mp4"", ""data/videos/cam5_pharma_ppe.mp4"", ""data/videos/cam6_lab_ppe.mp4"", ""data/videos/cam4_industry_ppe.mp4"", ""data/videos/cam5_pharma_ppe.mp4"", ""data/videos/cam6_lab_ppe.mp4"", ""data/videos/cam4_industry_ppe.mp4"", ""data/videos/cam5_pharma_ppe.mp4"", ""data/videos/cam6_lab_ppe.mp4"", ""data/videos/cam4_industry_ppe.mp4"", ""data/videos/cam5_pharma_ppe.mp4"", ""data/videos/cam6_lab_ppe.mp4"", ""data/videos/cam4_industry_ppe.mp4"", ""data/videos/cam5_pharma_ppe.mp4"", ""data/videos/cam6_lab_ppe.mp4"", ""data/videos/cam4_industry_ppe.mp4"", ""data/videos/cam5_pharma_ppe.mp4"", ""data/videos/cam6_lab_ppe.mp4"", ""data/videos/cam4_industry_ppe.mp4"", ""data/videos/cam5_pharma_ppe.mp4"", ""data/videos/cam6_lab_ppe.mp4"", ""data/videos/cam4_industry_ppe.mp4"", ""data/videos/cam5_pharma_ppe.mp4"", ""data/videos/cam6_lab_ppe.mp4"", ""data/videos/cam4_industry_ppe.mp4""]",400,0.5,2,0.268675647011258,1
1.8299037378123357,11,1934.757666999758,11,3,0,11,1.8299037378123357,0.12222222222222222,125.6,mps:0,0.8111111111111111,73,[],0,303.0049800872803,1359.5609664916992,1359.5609664916992,,,,867.3252500002491,1934.757666999758,1934.757666999758,owlv2,540.4621659999975,649.9735419993158,649.9735419993158,"{""0"": 0.16666666666666666, ""1"": 0.1, ""2"": 0.1}","{""0"": 1359.5609664916992, ""1"": 430.3159713745117, ""2"": 492.57516860961914}",17.838916000073368,18.659125000340282,9.513915999377787,42.88870800064615,302.99887499950273,1359.5396250002523,1359.5396250002523,11,1.8299037378123357,2.948211669921875,5.0,0,"[""data/videos/cam4_industry_ppe.mp4"", ""data/videos/cam5_pharma_ppe.mp4"", ""data/videos/cam6_lab_ppe.mp4""]",90,0.5,50,8.317744262783345,1
1.830098760965251,11,2067.6483749994077,11,6,2,11,1.830098760965251,0.06111111111111111,241.0,mps:0,0.8555555555555555,154,[],0,281.0709476470947,1481.6908836364746,1481.6908836364746,,,,864.0900419995887,2067.6483749994077,2067.6483749994077,owlv2,555.6089580004482,594.6791249998569,594.6791249998569,"{""0"": 0.1, ""1"": 0.1, ""2"": 0.1, ""3"": 0.06666666666666667, ""4"": 0.0, ""5"": 0.0}","{""0"": 205.12795448303223, ""1"": 458.2669734954834, ""2"": 281.5229892730713, ""3"": 1481.6908836364746, ""4"": 0.0, ""5"": 0.0}",18.710667000050307,20.384833000207436,11.13654199980374,46.033374999751686,281.06820799985144,1481.6774159999113,1481.6774159999113,11,1.830098760965251,3.4240875244140625,5.0,0,"[""data/videos/cam4_industry_ppe.mp4"", ""data/videos/cam5_pharma_ppe.mp4"", ""data/videos/cam6_lab_ppe.mp4"", ""data/videos/cam4_industry_ppe.mp4"", ""data/videos/cam5_pharma_ppe.mp4"", ""data/videos/cam6_lab_ppe.mp4""]",180,0.5,50,8.318630731660232,1
1.498311652486346,9,1467.989167000269,9,12,9,9,1.498311652486346,0.025,638.7,mps:0,0.8805555555555555,317,[],0,255.85007667541504,786.0159873962402,786.0159873962402,,,,910.2500830003919,1467.989167000269,1467.989167000269,owlv2,604.9572080000871,627.6527079999141,627.6527079999141,"{""0"": 0.1, ""1"": 0.1, ""2"": 0.1, ""3"": 0.0, ""4"": 0.0, ""5"": 0.0, ""6"": 0.0, ""7"": 0.0, ""8"": 0.0, ""9"": 0.0, ""10"": 0.0, ""11"": 0.0}","{""0"": 338.86003494262695, ""1"": 456.6648006439209, ""2"": 786.0159873962402, ""3"": 0.0, ""4"": 0.0, ""5"": 0.0, ""6"": 0.0, ""7"": 0.0, ""8"": 0.0, ""9"": 0.0, ""10"": 0.0, ""11"": 0.0}",24.66604199980793,33.280707999438164,25.54512499955308,65.34483300038119,255.8485829995334,786.0138330006521,786.0138330006521,9,1.498311652486346,2.8100128173828125,5.0,0,"[""data/videos/cam4_industry_ppe.mp4"", ""data/videos/cam5_pharma_ppe.mp4"", ""data/videos/cam6_lab_ppe.mp4"", ""data/videos/cam4_industry_ppe.mp4"", ""data/videos/cam5_pharma_ppe.mp4"", ""data/videos/cam6_lab_ppe.mp4"", ""data/videos/cam4_industry_ppe.mp4"", ""data/videos/cam5_pharma_ppe.mp4"", ""data/videos/cam6_lab_ppe.mp4"", ""data/videos/cam4_industry_ppe.mp4"", ""data/videos/cam5_pharma_ppe.mp4"", ""data/videos/cam6_lab_ppe.mp4""]",360,0.5,41,6.825641972437799,1
0.9941590302631707,9,4817.844041999706,9,25,22,9,0.9941590302631707,0.0297029702970297,779.7,mps:0,0.7326732673267327,222,[],0,876.0049343109131,3854.57181930542,3854.57181930542,,,,1787.6328330012257,4817.844041999706,4817.844041999706,owlv2,713.177708999865,1025.4597080001986,1025.4597080001986,"{""0"": 0.2, ""1"": 0.2, ""2"": 0.0, ""3"": 0.2, ""4"": 0.0, ""5"": 0.0, ""6"": 0.0, ""7"": 0.0, ""8"": 0.0, ""9"": 0.0, ""10"": 0.0, ""11"": 0.0, ""12"": 0.0, ""13"": 0.0, ""14"": 0.0, ""15"": 0.0, ""16"": 0.0, ""17"": 0.0, ""18"": 0.0, ""19"": 0.0, ""20"": 0.0, ""21"": 0.0, ""22"": 0.0, ""23"": 0.0, ""24"": 0.0}","{""0"": 876.0049343109131, ""1"": 1282.9208374023438, ""2"": 0.0, ""3"": 3854.57181930542, ""4"": 0.0, ""5"": 0.0, ""6"": 0.0, ""7"": 0.0, ""8"": 0.0, ""9"": 0.0, ""10"": 0.0, ""11"": 0.0, ""12"": 0.0, ""13"": 0.0, ""14"": 0.0, ""15"": 0.0, ""16"": 0.0, ""17"": 0.0, ""18"": 0.0, ""19"": 0.0, ""20"": 0.0, ""21"": 0.0, ""22"": 0.0, ""23"": 0.0, ""24"": 0.0}",73.41241699941747,327.38337499995396,201.16158299970266,359.40820800078654,876.0198749996562,3854.5602089998283,3854.5602089998283,9,0.9941590302631707,3.026519775390625,5.0,0,"[""data/videos/cam4_industry_ppe.mp4"", ""data/videos/cam5_pharma_ppe.mp4"", ""data/videos/cam6_lab_ppe.mp4"", ""data/videos/cam4_industry_ppe.mp4"", ""data/videos/cam5_pharma_ppe.mp4"", ""data/videos/cam6_lab_ppe.mp4"", ""data/videos/cam4_industry_ppe.mp4"", ""data/videos/cam5_pharma_ppe.mp4"", ""data/videos/cam6_lab_ppe.mp4"", ""data/videos/cam4_industry_ppe.mp4"", ""data/videos/cam5_pharma_ppe.mp4"", ""data/videos/cam6_lab_ppe.mp4"", ""data/videos/cam4_industry_ppe.mp4"", ""data/videos/cam5_pharma_ppe.mp4"", ""data/videos/cam6_lab_ppe.mp4"", ""data/videos/cam4_industry_ppe.mp4"", ""data/videos/cam5_pharma_ppe.mp4"", ""data/videos/cam6_lab_ppe.mp4"", ""data/videos/cam4_industry_ppe.mp4"", ""data/videos/cam5_pharma_ppe.mp4"", ""data/videos/cam6_lab_ppe.mp4"", ""data/videos/cam4_industry_ppe.mp4"", ""data/videos/cam5_pharma_ppe.mp4"", ""data/videos/cam6_lab_ppe.mp4"", ""data/videos/cam4_industry_ppe.mp4""]",303,0.5,45,4.970795151315853,1
0.9761438377229037,6,3370.1381659993785,6,50,48,6,0.9761438377229037,0.02531645569620253,775.6,mps:0,0.6919831223628692,164,[],0,767.2708034515381,2173.207998275757,2173.207998275757,,,,1897.6058760008527,3370.1381659993785,3370.1381659993785,owlv2,651.0134170002857,760.1321669999379,760.1321669999379,"{""0"": 0.25, ""1"": 0.25, ""2"": 0.0, ""3"": 0.0, ""4"": 0.0, ""5"": 0.0, ""6"": 0.0, ""7"": 0.0, ""8"": 0.0, ""9"": 0.0, ""10"": 0.0, ""11"": 0.0, ""12"": 0.0, ""13"": 0.0, ""14"": 0.0, ""15"": 0.0, ""16"": 0.0, ""17"": 0.0, ""18"": 0.0, ""19"": 0.0, ""20"": 0.0, ""21"": 0.0, ""22"": 0.0, ""23"": 0.0, ""24"": 0.0, ""25"": 0.0, ""26"": 0.0, ""27"": 0.0, ""28"": 0.0, ""29"": 0.0, ""30"": 0.0, ""31"": 0.0, ""32"": 0.0, ""33"": 0.0, ""34"": 0.0, ""35"": 0.0, ""36"": 0.0, ""37"": 0.0, ""38"": 0.0, ""39"": 0.0, ""40"": 0.0, ""41"": 0.0, ""42"": 0.0, ""43"": 0.0, ""44"": 0.0, ""45"": 0.0, ""46"": 0.0, ""47"": 0.0, ""48"": 0.0, ""49"": 0.0}","{""0"": 1219.6848392486572, ""1"": 2173.207998275757, ""2"": 0.0, ""3"": 0.0, ""4"": 0.0, ""5"": 0.0, ""6"": 0.0, ""7"": 0.0, ""8"": 0.0, ""9"": 0.0, ""10"": 0.0, ""11"": 0.0, ""12"": 0.0, ""13"": 0.0, ""14"": 0.0, ""15"": 0.0, ""16"": 0.0, ""17"": 0.0, ""18"": 0.0, ""19"": 0.0, ""20"": 0.0, ""21"": 0.0, ""22"": 0.0, ""23"": 0.0, ""24"": 0.0, ""25"": 0.0, ""26"": 0.0, ""27"": 0.0, ""28"": 0.0, ""29"": 0.0, ""30"": 0.0, ""31"": 0.0, ""32"": 0.0, ""33"": 0.0, ""34"": 0.0, ""35"": 0.0, ""36"": 0.0, ""37"": 0.0, ""38"": 0.0, ""39"": 0.0, ""40"": 0.0, ""41"": 0.0, ""42"": 0.0, ""43"": 0.0, ""44"": 0.0, ""45"": 0.0, ""46"": 0.0, ""47"": 0.0, ""48"": 0.0, ""49"": 0.0}",47.876042000098096,350.5060420002337,160.63829099948634,383.84366700029204,767.2787090004931,2173.2136659993557,2173.2136659993557,6,0.9761438377229037,4.24542236328125,5.0,0,"[""data/videos/cam4_industry_ppe.mp4"", ""data/videos/cam5_pharma_ppe.mp4"", ""data/videos/cam6_lab_ppe.mp4"", ""data/videos/cam4_industry_ppe.mp4"", ""data/videos/cam5_pharma_ppe.mp4"", ""data/videos/cam6_lab_ppe.mp4"", ""data/videos/cam4_industry_ppe.mp4"", ""data/videos/cam5_pharma_ppe.mp4"", ""data/videos/cam6_lab_ppe.mp4"", ""data/videos/cam4_industry_ppe.mp4"", ""data/videos/cam5_pharma_ppe.mp4"", ""data/videos/cam6_lab_ppe.mp4"", ""data/videos/cam4_industry_ppe.mp4"", ""data/videos/cam5_pharma_ppe.mp4"", ""data/videos/cam6_lab_ppe.mp4"", ""data/videos/cam4_industry_ppe.mp4"", ""data/videos/cam5_pharma_ppe.mp4"", ""data/videos/cam6_lab_ppe.mp4"", ""data/videos/cam4_industry_ppe.mp4"", ""data/videos/cam5_pharma_ppe.mp4"", ""data/videos/cam6_lab_ppe.mp4"", ""data/videos/cam4_industry_ppe.mp4"", ""data/videos/cam5_pharma_ppe.mp4"", ""data/videos/cam6_lab_ppe.mp4"", ""data/videos/cam4_industry_ppe.mp4"", ""data/videos/cam5_pharma_ppe.mp4"", ""data/videos/cam6_lab_ppe.mp4"", ""data/videos/cam4_industry_ppe.mp4"", ""data/videos/cam5_pharma_ppe.mp4"", ""data/videos/cam6_lab_ppe.mp4"", ""data/videos/cam4_industry_ppe.mp4"", ""data/videos/cam5_pharma_ppe.mp4"", ""data/videos/cam6_lab_ppe.mp4"", ""data/videos/cam4_industry_ppe.mp4"", ""data/videos/cam5_pharma_ppe.mp4"", ""data/videos/cam6_lab_ppe.mp4"", ""data/videos/cam4_industry_ppe.mp4"", ""data/videos/cam5_pharma_ppe.mp4"", ""data/videos/cam6_lab_ppe.mp4"", ""data/videos/cam4_industry_ppe.mp4"", ""data/videos/cam5_pharma_ppe.mp4"", ""data/videos/cam6_lab_ppe.mp4"", ""data/videos/cam4_industry_ppe.mp4"", ""data/videos/cam5_pharma_ppe.mp4"", ""data/videos/cam6_lab_ppe.mp4"", ""data/videos/cam4_industry_ppe.mp4"", ""data/videos/cam5_pharma_ppe.mp4"", ""data/videos/cam6_lab_ppe.mp4"", ""data/videos/cam4_industry_ppe.mp4"", ""data/videos/cam5_pharma_ppe.mp4""]",237,0.5,34,5.531481747096454,1
1.3308695426820785,8,1489.1975000000457,8,3,0,8,1.3308695426820785,0.08888888888888889,188.6,mps:0,0.8333333333333334,75,[],0,357.5549125671387,794.3909168243408,794.3909168243408,,,,1093.181999997796,1489.1975000000457,1489.1975000000457,baseline,710.9007079998264,898.4890829997312,898.4890829997312,"{""0"": 0.1, ""1"": 0.1, ""2"": 0.06666666666666667}","{""0"": 440.5522346496582, ""1"": 378.41105461120605, ""2"": 794.3909168243408}",23.847916999329755,25.352125000608794,19.990416999462468,44.68100000030972,357.5551659996563,794.3913330000214,794.3913330000214,8,1.3308695426820785,1.5600128173828125,5.0,0,"[""data/videos/cam4_industry_ppe.mp4"", ""data/videos/cam5_pharma_ppe.mp4"", ""data/videos/cam6_lab_ppe.mp4""]",90,0.5,34,5.656195556398834,1
1.4984865807505865,9,1958.7593749993175,9,6,3,9,1.4984865807505865,0.05,458.1,mps:0,0.8611111111111112,155,[],0,265.474796295166,1223.5519886016846,1223.5519886016846,,,,1001.2884569996459,1958.7593749993175,1958.7593749993175,baseline,658.7887909990968,719.6482500003185,719.6482500003185,"{""0"": 0.1, ""1"": 0.1, ""2"": 0.1, ""3"": 0.0, ""4"": 0.0, ""5"": 0.0}","{""0"": 270.8630561828613, ""1"": 484.07721519470215, ""2"": 1223.5519886016846, ""3"": 0.0, ""4"": 0.0, ""5"": 0.0}",28.749208000590443,43.23416700026428,25.310459000138508,59.78691699965566,265.4866670000047,1226.8874169994888,1226.8874169994888,9,1.4984865807505865,2.2368316650390625,5.0,0,"[""data/videos/cam4_industry_ppe.mp4"", ""data/videos/cam5_pharma_ppe.mp4"", ""data/videos/cam6_lab_ppe.mp4"", ""data/videos/cam4_industry_ppe.mp4"", ""data/videos/cam5_pharma_ppe.mp4"", ""data/videos/cam6_lab_ppe.mp4""]",180,0.5,39,6.493441849919208,1
1.0809271705739285,7,1703.3455419996244,7,12,9,7,1.0809271705739285,0.021604938271604937,620.5,mps:0,0.8703703703703703,282,[],0,364.6678924560547,708.9447975158691,708.9447975158691,,,,1311.6969180000524,1703.3455419996244,1703.3455419996244,baseline,665.1991249991624,685.0754170000073,685.0754170000073,"{""0"": 0.1111111111111111, ""1"": 0.1111111111111111, ""2"": 0.037037037037037035, ""3"": 0.0, ""4"": 0.0, ""5"": 0.0, ""6"": 0.0, ""7"": 0.0, ""8"": 0.0, ""9"": 0.0, ""10"": 0.0, ""11"": 0.0}","{""0"": 583.4901332855225, ""1"": 378.4770965576172, ""2"": 708.9447975158691, ""3"": 0.0, ""4"": 0.0, ""5"": 0.0, ""6"": 0.0, ""7"": 0.0, ""8"": 0.0, ""9"": 0.0, ""10"": 0.0, ""11"": 0.0}",56.56445899967366,148.8121249994947,187.70087499979127,283.9667919997737,364.68116700052633,708.9601659999971,708.9601659999971,7,1.0809271705739285,2.99267578125,5.0,0,"[""data/videos/cam4_industry_ppe.mp4"", ""data/videos/cam5_pharma_ppe.mp4"", ""data/videos/cam6_lab_ppe.mp4"", ""data/videos/cam4_industry_ppe.mp4"", ""data/videos/cam5_pharma_ppe.mp4"", ""data/videos/cam6_lab_ppe.mp4"", ""data/videos/cam4_industry_ppe.mp4"", ""data/videos/cam5_pharma_ppe.mp4"", ""data/videos/cam6_lab_ppe.mp4"", ""data/videos/cam4_industry_ppe.mp4"", ""data/videos/cam5_pharma_ppe.mp4"", ""data/videos/cam6_lab_ppe.mp4""]",324,0.5,35,5.404635852869642,1
1.4986818675841966,9,1738.3819579999908,9,3,0,9,1.4986818675841966,0.1,178.5,mps:0,0.8222222222222222,74,[],0,192.5978660583496,1050.6737232208252,1050.6737232208252,,,,847.3063749997891,1738.3819579999908,1738.3819579999908,optimized,655.7880000000296,684.3895830006659,684.3895830006659,"{""0"": 0.13333333333333333, ""1"": 0.1, ""2"": 0.06666666666666667}","{""0"": 1050.6737232208252, ""1"": 343.37615966796875, ""2"": 304.2600154876709}",22.88791599949036,25.694875000226602,11.225750000448897,41.30204200009757,192.59820899969782,1050.682209000115,1050.682209000115,10,1.665202075093552,2.93206787109375,5.0,1,"[""data/videos/cam4_industry_ppe.mp4"", ""data/videos/cam5_pharma_ppe.mp4"", ""data/videos/cam6_lab_ppe.mp4""]",90,0.5,43,7.160368922902273,1
1.3311321769371809,8,1491.0981659995741,8,6,3,8,1.3311321769371809,0.044444444444444446,465.5,mps:0,0.8611111111111112,155,[],0,267.8990364074707,732.3558330535889,732.3558330535889,,,,1010.4710010000417,1491.0981659995741,1491.0981659995741,optimized,678.5047909997957,727.755666000121,727.755666000121,"{""0"": 0.1, ""1"": 0.1, ""2"": 0.06666666666666667, ""3"": 0.0, ""4"": 0.0, ""5"": 0.0}","{""0"": 267.8990364074707, ""1"": 284.55281257629395, ""2"": 732.3558330535889, ""3"": 0.0, ""4"": 0.0, ""5"": 0.0}",29.231917000288377,32.26629100026912,35.181833999558876,82.88887499929842,267.89970800018637,732.3687910002263,732.3687910002263,8,1.3311321769371809,3.0457916259765625,5.0,0,"[""data/videos/cam4_industry_ppe.mp4"", ""data/videos/cam5_pharma_ppe.mp4"", ""data/videos/cam6_lab_ppe.mp4"", ""data/videos/cam4_industry_ppe.mp4"", ""data/videos/cam5_pharma_ppe.mp4"", ""data/videos/cam6_lab_ppe.mp4""]",180,0.5,36,5.990094796217314,1
1.128170155558475,7,2247.515334000127,7,12,9,7,1.128170155558475,0.0220125786163522,609.7,mps:0,0.8710691823899371,277,[],0,214.83588218688965,1486.6199493408203,1486.6199493408203,,,,1229.91462400023,2247.515334000127,2247.515334000127,optimized,657.1304580002106,762.6595829997314,762.6595829997314,"{""0"": 0.1111111111111111, ""1"": 0.1111111111111111, ""2"": 0.0, ""3"": 0.037037037037037035, ""4"": 0.0, ""5"": 0.0, ""6"": 0.0, ""7"": 0.0, ""8"": 0.0, ""9"": 0.0, ""10"": 0.0, ""11"": 0.0}","{""0"": 191.24698638916016, ""1"": 667.4239635467529, ""2"": 0.0, ""3"": 1486.6199493408203, ""4"": 0.0, ""5"": 0.0, ""6"": 0.0, ""7"": 0.0, ""8"": 0.0, ""9"": 0.0, ""10"": 0.0, ""11"": 0.0}",37.54570899945975,145.12808299969038,65.23337499947957,176.1896660000275,214.83770899976662,1486.6215419997388,1486.6215419997388,7,1.128170155558475,3.2830352783203125,5.0,0,"[""data/videos/cam4_industry_ppe.mp4"", ""data/videos/cam5_pharma_ppe.mp4"", ""data/videos/cam6_lab_ppe.mp4"", ""data/videos/cam4_industry_ppe.mp4"", ""data/videos/cam5_pharma_ppe.mp4"", ""data/videos/cam6_lab_ppe.mp4"", ""data/videos/cam4_industry_ppe.mp4"", ""data/videos/cam5_pharma_ppe.mp4"", ""data/videos/cam6_lab_ppe.mp4"", ""data/videos/cam4_industry_ppe.mp4"", ""data/videos/cam5_pharma_ppe.mp4"", ""data/videos/cam6_lab_ppe.mp4""]",318,0.5,36,5.802017942872157,1
2.164681142833159,13,1060.6173330015736,13,3,0,13,2.164681142833159,0.08666666666666667,174.1,mps:0,0.8333333333333334,125,[],0,300.51493644714355,704.2691707611084,842.5898551940918,,,,775.2583329993286,1060.6173330015736,1489.3375839992586,mixed,566.4341669998976,685.0579590000052,703.5034580003412,"{""0"": 0.1, ""1"": 0.1, ""2"": 0.06}","{""0"": 483.1359386444092, ""1"": 348.42491149902344, ""2"": 842.5898551940918}",19.69520799957536,23.170999999820197,7.980791999216308,13.387083000452549,300.5157090001376,704.2696670005171,842.5909999996293,13,2.164681142833159,2.239410400390625,5.0,0,"[""data/videos/cam4_industry_ppe.mp4"", ""data/videos/cam5_pharma_ppe.mp4"", ""data/videos/cam6_lab_ppe.mp4""]",150,0.5,61,10.157349977909437,1
